2026-01-18 18:36:45 [INFO] Scraper inicializado. Output: c:\Users\SALA\Documents\GitHub\redisus\dataset\medetec
2026-01-18 18:36:45 [INFO] ============================================================
2026-01-18 18:36:45 [INFO] MEDETEC IMAGE SCRAPER - INICIANDO
2026-01-18 18:36:45 [INFO] ============================================================
2026-01-18 18:36:45 [INFO] Diretório de saída: c:\Users\SALA\Documents\GitHub\redisus\dataset\medetec
2026-01-18 18:36:45 [INFO] Delay entre requisições: 1.5s
2026-01-18 18:36:45 [INFO] 
2026-01-18 18:36:45 [INFO] Inicializando sessão com Medetec...
2026-01-18 18:36:46 [INFO]   Sessão iniciada. Cookies: ['request_id']
2026-01-18 18:36:48 [INFO] 
FASE 1: Descobrindo categorias...
2026-01-18 18:36:48 [INFO] Carregando categorias conhecidas do Medetec...
2026-01-18 18:36:48 [INFO]   Categoria: Abdominal Wounds
2026-01-18 18:36:48 [INFO]   Categoria: Burns
2026-01-18 18:36:48 [INFO]   Categoria: Epidermolysis Bullosa
2026-01-18 18:36:48 [INFO]   Categoria: Extravasation Injuries
2026-01-18 18:36:48 [INFO]   Categoria: Diabetic Foot Ulcers
2026-01-18 18:36:48 [INFO]   Categoria: Haemangiomas
2026-01-18 18:36:48 [INFO]   Categoria: Venous Arterial Ulcers 1
2026-01-18 18:36:48 [INFO]   Categoria: Venous Arterial Ulcers 2
2026-01-18 18:36:48 [INFO]   Categoria: Malignant Wounds
2026-01-18 18:36:48 [INFO]   Categoria: Meningitis Wounds
2026-01-18 18:36:48 [INFO]   Categoria: Orthopaedic Wounds
2026-01-18 18:36:48 [INFO]   Categoria: Miscellaneous Wounds
2026-01-18 18:36:48 [INFO]   Categoria: Pressure Ulcers 1
2026-01-18 18:36:48 [INFO]   Categoria: Pressure Ulcers 2
2026-01-18 18:36:48 [INFO]   Categoria: Pilonidal Sinus
2026-01-18 18:36:48 [INFO]   Categoria: Necrotic Toes
2026-01-18 18:36:50 [INFO]   Nova categoria encontrada: Abdominal wounds, examples of wound
            dehiscence
2026-01-18 18:36:50 [INFO]   Nova categoria encontrada: Burn and
            scalds,
2026-01-18 18:36:50 [INFO]   Nova categoria encontrada: Epidermolysis
            bullosa,
2026-01-18 18:36:50 [INFO]   Nova categoria encontrada: Extravasation injuries,
2026-01-18 18:36:50 [INFO]   Nova categoria encontrada: Diabetic foot ulcers,
2026-01-18 18:36:50 [INFO]   Nova categoria encontrada: Haemangiomas,
2026-01-18 18:36:50 [INFO]   Nova categoria encontrada: Venous ulcers and arterial ulcers - Set 1,
2026-01-18 18:36:50 [INFO]   Nova categoria encontrada: Venous and arterial ulcers - Set 2,
2026-01-18 18:36:50 [INFO]   Nova categoria encontrada: Malignant
            wounds,
2026-01-18 18:36:50 [INFO]   Nova categoria encontrada: Meningitis wounds,
2026-01-18 18:36:50 [INFO]   Nova categoria encontrada: Orthopaedic wounds,
2026-01-18 18:36:50 [INFO]   Nova categoria encontrada: Miscellaneous wounds,
2026-01-18 18:36:50 [INFO]   Nova categoria encontrada: Pressure
            ulcers - Set 1 of 2,
2026-01-18 18:36:50 [INFO]   Nova categoria encontrada: Pressure
            ulcers - Set 2 of 2,
2026-01-18 18:36:50 [INFO]   Nova categoria encontrada: Pilonidal sinus wounds
2026-01-18 18:36:50 [INFO]   Nova categoria encontrada: Toes - infected and
            necrotic
2026-01-18 18:36:50 [INFO] Total de categorias: 32
2026-01-18 18:36:50 [INFO] 
FASE 2: Descobrindo imagens...
2026-01-18 18:36:50 [INFO] Explorando categoria: Abdominal Wounds
2026-01-18 18:36:51 [INFO]   Imagens encontradas: 14
2026-01-18 18:36:51 [INFO] Explorando categoria: Burns
2026-01-18 18:36:53 [INFO]   Imagens encontradas: 20
2026-01-18 18:36:53 [INFO] Explorando categoria: Epidermolysis Bullosa
2026-01-18 18:36:55 [INFO]   Imagens encontradas: 6
2026-01-18 18:36:55 [INFO] Explorando categoria: Extravasation Injuries
2026-01-18 18:36:56 [INFO]   Imagens encontradas: 21
2026-01-18 18:36:56 [INFO] Explorando categoria: Diabetic Foot Ulcers
2026-01-18 18:36:58 [INFO]   Imagens encontradas: 49
2026-01-18 18:36:58 [INFO] Explorando categoria: Haemangiomas
2026-01-18 18:37:00 [INFO]   Imagens encontradas: 7
2026-01-18 18:37:00 [INFO] Explorando categoria: Venous Arterial Ulcers 1
2026-01-18 18:37:02 [INFO]   Imagens encontradas: 85
2026-01-18 18:37:02 [INFO] Explorando categoria: Venous Arterial Ulcers 2
2026-01-18 18:37:03 [INFO]   Imagens encontradas: 51
2026-01-18 18:37:03 [INFO] Explorando categoria: Malignant Wounds
2026-01-18 18:37:05 [INFO]   Imagens encontradas: 9
2026-01-18 18:37:05 [INFO] Explorando categoria: Meningitis Wounds
2026-01-18 18:37:07 [INFO]   Imagens encontradas: 25
2026-01-18 18:37:07 [INFO] Explorando categoria: Orthopaedic Wounds
2026-01-18 18:37:08 [INFO]   Imagens encontradas: 50
2026-01-18 18:37:08 [INFO] Explorando categoria: Miscellaneous Wounds
2026-01-18 18:37:10 [INFO]   Imagens encontradas: 57
2026-01-18 18:37:10 [INFO] Explorando categoria: Pressure Ulcers 1
2026-01-18 18:37:12 [INFO]   Imagens encontradas: 102
2026-01-18 18:37:12 [INFO] Explorando categoria: Pressure Ulcers 2
2026-01-18 18:37:13 [INFO]   Imagens encontradas: 75
2026-01-18 18:37:13 [INFO] Explorando categoria: Pilonidal Sinus
2026-01-18 18:37:15 [INFO]   Imagens encontradas: 4
2026-01-18 18:37:15 [INFO] Explorando categoria: Necrotic Toes
2026-01-18 18:37:17 [INFO]   Imagens encontradas: 35
2026-01-18 18:37:17 [INFO] Explorando categoria: Abdominal wounds, examples of wound
            dehiscence
2026-01-18 18:37:19 [INFO]   Imagens encontradas: 14
2026-01-18 18:37:19 [INFO] Explorando categoria: Burn and
            scalds,
2026-01-18 18:37:20 [INFO]   Imagens encontradas: 20
2026-01-18 18:37:20 [INFO] Explorando categoria: Epidermolysis
            bullosa,
2026-01-18 18:37:22 [INFO]   Imagens encontradas: 6
2026-01-18 18:37:22 [INFO] Explorando categoria: Extravasation injuries,
2026-01-18 18:37:24 [INFO]   Imagens encontradas: 21
2026-01-18 18:37:24 [INFO] Explorando categoria: Diabetic foot ulcers,
2026-01-18 18:37:25 [INFO]   Imagens encontradas: 49
2026-01-18 18:37:25 [INFO] Explorando categoria: Haemangiomas,
2026-01-18 18:37:27 [INFO]   Imagens encontradas: 7
2026-01-18 18:37:27 [INFO] Explorando categoria: Venous ulcers and arterial ulcers - Set 1,
2026-01-18 18:37:29 [INFO]   Imagens encontradas: 85
2026-01-18 18:37:29 [INFO] Explorando categoria: Venous and arterial ulcers - Set 2,
2026-01-18 18:37:30 [INFO]   Imagens encontradas: 51
2026-01-18 18:37:30 [INFO] Explorando categoria: Malignant
            wounds,
2026-01-18 18:37:32 [INFO]   Imagens encontradas: 9
2026-01-18 18:37:32 [INFO] Explorando categoria: Meningitis wounds,
2026-01-18 18:37:34 [INFO]   Imagens encontradas: 25
2026-01-18 18:37:34 [INFO] Explorando categoria: Orthopaedic wounds,
2026-01-18 18:37:35 [INFO]   Imagens encontradas: 50
2026-01-18 18:37:35 [INFO] Explorando categoria: Miscellaneous wounds,
2026-01-18 18:37:37 [INFO]   Imagens encontradas: 57
2026-01-18 18:37:37 [INFO] Explorando categoria: Pressure
            ulcers - Set 1 of 2,
2026-01-18 18:37:39 [INFO]   Imagens encontradas: 102
2026-01-18 18:37:39 [INFO] Explorando categoria: Pressure
            ulcers - Set 2 of 2,
2026-01-18 18:37:40 [INFO]   Imagens encontradas: 75
2026-01-18 18:37:40 [INFO] Explorando categoria: Pilonidal sinus wounds
2026-01-18 18:37:42 [INFO]   Imagens encontradas: 4
2026-01-18 18:37:42 [INFO] Explorando categoria: Toes - infected and
            necrotic
2026-01-18 18:37:44 [INFO]   Imagens encontradas: 35
2026-01-18 18:37:44 [INFO] 
Total de imagens encontradas: 1220
2026-01-18 18:37:44 [INFO] 
FASE 3: Baixando imagens...
2026-01-18 18:37:44 [INFO] 
Baixando categoria: Abdominal Wounds
2026-01-18 18:37:44 [INFO] Total de imagens: 14
2026-01-18 18:37:44 [INFO]   [1/14] abdominal_wounds_0001_6570a68b.jpg
2026-01-18 18:37:46 [INFO]   ✓ Baixado: abdominal_wounds_0001_6570a68b.jpg
2026-01-18 18:37:46 [INFO]   [2/14] abdominal_wounds_0002_3c3506d4.jpg
2026-01-18 18:37:48 [INFO]   ✓ Baixado: abdominal_wounds_0002_3c3506d4.jpg
2026-01-18 18:37:48 [INFO]   [3/14] abdominal_wounds_0003_24458392.jpg
2026-01-18 18:37:50 [INFO]   ✓ Baixado: abdominal_wounds_0003_24458392.jpg
2026-01-18 18:37:50 [INFO]   [4/14] abdominal_wounds_0004_f4c65b28.jpg
2026-01-18 18:37:52 [INFO]   ✓ Baixado: abdominal_wounds_0004_f4c65b28.jpg
2026-01-18 18:37:52 [INFO]   [5/14] abdominal_wounds_0005_30857832.jpg
2026-01-18 18:37:53 [INFO]   ✓ Baixado: abdominal_wounds_0005_30857832.jpg
2026-01-18 18:37:53 [INFO]   [6/14] abdominal_wounds_0006_8b7f28df.jpg
2026-01-18 18:37:55 [INFO]   ✓ Baixado: abdominal_wounds_0006_8b7f28df.jpg
2026-01-18 18:37:55 [INFO]   [7/14] abdominal_wounds_0007_07acdf1e.jpg
2026-01-18 18:37:57 [INFO]   ✓ Baixado: abdominal_wounds_0007_07acdf1e.jpg
2026-01-18 18:37:57 [INFO]   [8/14] abdominal_wounds_0008_e093bdc7.jpg
2026-01-18 18:37:59 [INFO]   ✓ Baixado: abdominal_wounds_0008_e093bdc7.jpg
2026-01-18 18:37:59 [INFO]   [9/14] abdominal_wounds_0009_85374d05.jpg
2026-01-18 18:38:01 [INFO]   ✓ Baixado: abdominal_wounds_0009_85374d05.jpg
2026-01-18 18:38:01 [INFO]   [10/14] abdominal_wounds_0010_58402696.jpg
2026-01-18 18:38:03 [INFO]   ✓ Baixado: abdominal_wounds_0010_58402696.jpg
2026-01-18 18:38:03 [INFO]   [11/14] abdominal_wounds_0011_d4972371.jpg
2026-01-18 18:38:05 [INFO]   ✓ Baixado: abdominal_wounds_0011_d4972371.jpg
2026-01-18 18:38:05 [INFO]   [12/14] abdominal_wounds_0012_7a4f7ef8.jpg
2026-01-18 18:38:06 [INFO]   ✓ Baixado: abdominal_wounds_0012_7a4f7ef8.jpg
2026-01-18 18:38:06 [INFO]   [13/14] abdominal_wounds_0013_998a492d.jpg
2026-01-18 18:38:08 [INFO]   ✓ Baixado: abdominal_wounds_0013_998a492d.jpg
2026-01-18 18:38:08 [INFO]   [14/14] abdominal_wounds_0014_2e155b2d.jpg
2026-01-18 18:38:10 [INFO]   ✓ Baixado: abdominal_wounds_0014_2e155b2d.jpg
2026-01-18 18:38:10 [INFO] Categoria Abdominal Wounds: 14/14 imagens
2026-01-18 18:38:10 [INFO] 
Baixando categoria: Burns
2026-01-18 18:38:10 [INFO] Total de imagens: 20
2026-01-18 18:38:10 [INFO]   [1/20] burns_0001_da91b336.jpg
2026-01-18 18:38:12 [INFO]   ✓ Baixado: burns_0001_da91b336.jpg
2026-01-18 18:38:12 [INFO]   [2/20] burns_0002_8a36499f.jpg
2026-01-18 18:38:14 [INFO]   ✓ Baixado: burns_0002_8a36499f.jpg
2026-01-18 18:38:14 [INFO]   [3/20] burns_0003_6882cd7c.jpg
2026-01-18 18:38:16 [INFO]   ✓ Baixado: burns_0003_6882cd7c.jpg
2026-01-18 18:38:16 [INFO]   [4/20] burns_0004_8fb28192.jpg
2026-01-18 18:38:18 [INFO]   ✓ Baixado: burns_0004_8fb28192.jpg
2026-01-18 18:38:18 [INFO]   [5/20] burns_0005_18467d6e.jpg
2026-01-18 18:38:20 [INFO]   ✓ Baixado: burns_0005_18467d6e.jpg
2026-01-18 18:38:20 [INFO]   [6/20] burns_0006_14ef2f0f.jpg
2026-01-18 18:38:21 [INFO]   ✓ Baixado: burns_0006_14ef2f0f.jpg
2026-01-18 18:38:21 [INFO]   [7/20] burns_0007_f5d990d4.jpg
2026-01-18 18:38:23 [INFO]   ✓ Baixado: burns_0007_f5d990d4.jpg
2026-01-18 18:38:23 [INFO]   [8/20] burns_0008_86fe822c.jpg
2026-01-18 18:38:25 [INFO]   ✓ Baixado: burns_0008_86fe822c.jpg
2026-01-18 18:38:25 [INFO]   [9/20] burns_0009_345cb239.jpg
2026-01-18 18:38:27 [INFO]   ✓ Baixado: burns_0009_345cb239.jpg
2026-01-18 18:38:27 [INFO]   [10/20] burns_0010_697595ca.jpg
2026-01-18 18:38:29 [INFO]   ✓ Baixado: burns_0010_697595ca.jpg
2026-01-18 18:38:29 [INFO]   [11/20] burns_0011_546fa57e.jpg
2026-01-18 18:38:31 [INFO]   ✓ Baixado: burns_0011_546fa57e.jpg
2026-01-18 18:38:31 [INFO]   [12/20] burns_0012_08f04e6e.jpg
2026-01-18 18:38:33 [INFO]   ✓ Baixado: burns_0012_08f04e6e.jpg
2026-01-18 18:38:33 [INFO]   [13/20] burns_0013_21ff7e09.jpg
2026-01-18 18:38:34 [INFO]   ✓ Baixado: burns_0013_21ff7e09.jpg
2026-01-18 18:38:35 [INFO]   [14/20] burns_0014_37a05ea9.jpg
2026-01-18 18:38:36 [INFO]   ✓ Baixado: burns_0014_37a05ea9.jpg
2026-01-18 18:38:36 [INFO]   [15/20] burns_0015_f765c8dc.jpg
2026-01-18 18:38:38 [INFO]   ✓ Baixado: burns_0015_f765c8dc.jpg
2026-01-18 18:38:38 [INFO]   [16/20] burns_0016_54a8a4d8.jpg
2026-01-18 18:38:40 [INFO]   ✓ Baixado: burns_0016_54a8a4d8.jpg
2026-01-18 18:38:40 [INFO]   [17/20] burns_0017_5257a322.jpg
2026-01-18 18:38:42 [INFO]   ✓ Baixado: burns_0017_5257a322.jpg
2026-01-18 18:38:42 [INFO]   [18/20] burns_0018_6b93b8e4.jpg
2026-01-18 18:38:44 [INFO]   ✓ Baixado: burns_0018_6b93b8e4.jpg
2026-01-18 18:38:44 [INFO]   [19/20] burns_0019_11499916.jpg
2026-01-18 18:38:46 [INFO]   ✓ Baixado: burns_0019_11499916.jpg
2026-01-18 18:38:46 [INFO]   [20/20] burns_0020_5eb0784a.jpg
2026-01-18 18:38:48 [INFO]   ✓ Baixado: burns_0020_5eb0784a.jpg
2026-01-18 18:38:48 [INFO] Categoria Burns: 20/20 imagens
2026-01-18 18:38:48 [INFO] 
Baixando categoria: Epidermolysis Bullosa
2026-01-18 18:38:48 [INFO] Total de imagens: 6
2026-01-18 18:38:48 [INFO]   [1/6] epidermolysis_bullosa_0001_421984ea.jpg
2026-01-18 18:38:50 [INFO]   ✓ Baixado: epidermolysis_bullosa_0001_421984ea.jpg
2026-01-18 18:38:50 [INFO]   [2/6] epidermolysis_bullosa_0002_eef22d13.jpg
2026-01-18 18:38:51 [INFO]   ✓ Baixado: epidermolysis_bullosa_0002_eef22d13.jpg
2026-01-18 18:38:51 [INFO]   [3/6] epidermolysis_bullosa_0003_cecc7d7f.jpg
2026-01-18 18:38:53 [INFO]   ✓ Baixado: epidermolysis_bullosa_0003_cecc7d7f.jpg
2026-01-18 18:38:53 [INFO]   [4/6] epidermolysis_bullosa_0004_778e1602.jpg
2026-01-18 18:38:55 [INFO]   ✓ Baixado: epidermolysis_bullosa_0004_778e1602.jpg
2026-01-18 18:38:55 [INFO]   [5/6] epidermolysis_bullosa_0005_df567f32.jpg
2026-01-18 18:38:57 [INFO]   ✓ Baixado: epidermolysis_bullosa_0005_df567f32.jpg
2026-01-18 18:38:57 [INFO]   [6/6] epidermolysis_bullosa_0006_ed0d806f.jpg
2026-01-18 18:38:59 [INFO]   ✓ Baixado: epidermolysis_bullosa_0006_ed0d806f.jpg
2026-01-18 18:38:59 [INFO] Categoria Epidermolysis Bullosa: 6/6 imagens
2026-01-18 18:38:59 [INFO] 
Baixando categoria: Extravasation Injuries
2026-01-18 18:38:59 [INFO] Total de imagens: 21
2026-01-18 18:38:59 [INFO]   [1/21] extravasation_injuries_0001_f385bf63.jpg
2026-01-18 18:39:01 [INFO]   ✓ Baixado: extravasation_injuries_0001_f385bf63.jpg
2026-01-18 18:39:01 [INFO]   [2/21] extravasation_injuries_0002_c7edb4ee.jpg
2026-01-18 18:39:03 [INFO]   ✓ Baixado: extravasation_injuries_0002_c7edb4ee.jpg
2026-01-18 18:39:03 [INFO]   [3/21] extravasation_injuries_0003_49ae7367.jpg
2026-01-18 18:39:05 [INFO]   ✓ Baixado: extravasation_injuries_0003_49ae7367.jpg
2026-01-18 18:39:05 [INFO]   [4/21] extravasation_injuries_0004_900c398c.jpg
2026-01-18 18:39:07 [INFO]   ✓ Baixado: extravasation_injuries_0004_900c398c.jpg
2026-01-18 18:39:07 [INFO]   [5/21] extravasation_injuries_0005_9b962b34.jpg
2026-01-18 18:39:08 [INFO]   ✓ Baixado: extravasation_injuries_0005_9b962b34.jpg
2026-01-18 18:39:08 [INFO]   [6/21] extravasation_injuries_0006_5ae73baf.jpg
2026-01-18 18:39:10 [INFO]   ✓ Baixado: extravasation_injuries_0006_5ae73baf.jpg
2026-01-18 18:39:10 [INFO]   [7/21] extravasation_injuries_0007_ffca3bac.jpg
2026-01-18 18:39:12 [INFO]   ✓ Baixado: extravasation_injuries_0007_ffca3bac.jpg
2026-01-18 18:39:12 [INFO]   [8/21] extravasation_injuries_0008_edacde33.jpg
2026-01-18 18:39:14 [INFO]   ✓ Baixado: extravasation_injuries_0008_edacde33.jpg
2026-01-18 18:39:14 [INFO]   [9/21] extravasation_injuries_0009_9f28045b.jpg
2026-01-18 18:39:16 [INFO]   ✓ Baixado: extravasation_injuries_0009_9f28045b.jpg
2026-01-18 18:39:16 [INFO]   [10/21] extravasation_injuries_0010_9356e9bf.jpg
2026-01-18 18:39:18 [INFO]   ✓ Baixado: extravasation_injuries_0010_9356e9bf.jpg
2026-01-18 18:39:18 [INFO]   [11/21] extravasation_injuries_0011_3e674c9f.jpg
2026-01-18 18:39:20 [INFO]   ✓ Baixado: extravasation_injuries_0011_3e674c9f.jpg
2026-01-18 18:39:20 [INFO]   [12/21] extravasation_injuries_0012_08a2433f.jpg
2026-01-18 18:39:22 [INFO]   ✓ Baixado: extravasation_injuries_0012_08a2433f.jpg
2026-01-18 18:39:22 [INFO]   [13/21] extravasation_injuries_0013_f8983ace.jpg
2026-01-18 18:39:23 [INFO]   ✓ Baixado: extravasation_injuries_0013_f8983ace.jpg
2026-01-18 18:39:23 [INFO]   [14/21] extravasation_injuries_0014_a72ddfee.jpg
2026-01-18 18:39:25 [INFO]   ✓ Baixado: extravasation_injuries_0014_a72ddfee.jpg
2026-01-18 18:39:25 [INFO]   [15/21] extravasation_injuries_0015_5397a88d.jpg
2026-01-18 18:39:27 [INFO]   ✓ Baixado: extravasation_injuries_0015_5397a88d.jpg
2026-01-18 18:39:27 [INFO]   [16/21] extravasation_injuries_0016_4032d194.jpg
2026-01-18 18:39:29 [INFO]   ✓ Baixado: extravasation_injuries_0016_4032d194.jpg
2026-01-18 18:39:29 [INFO]   [17/21] extravasation_injuries_0017_146cd05f.jpg
2026-01-18 18:39:31 [INFO]   ✓ Baixado: extravasation_injuries_0017_146cd05f.jpg
2026-01-18 18:39:31 [INFO]   [18/21] extravasation_injuries_0018_7d64fea2.jpg
2026-01-18 18:39:33 [INFO]   ✓ Baixado: extravasation_injuries_0018_7d64fea2.jpg
2026-01-18 18:39:33 [INFO]   [19/21] extravasation_injuries_0019_cb753ec0.jpg
2026-01-18 18:39:35 [INFO]   ✓ Baixado: extravasation_injuries_0019_cb753ec0.jpg
2026-01-18 18:39:35 [INFO]   [20/21] extravasation_injuries_0020_66e8d0fd.jpg
2026-01-18 18:39:37 [INFO]   ✓ Baixado: extravasation_injuries_0020_66e8d0fd.jpg
2026-01-18 18:39:37 [INFO]   [21/21] extravasation_injuries_0021_81832f55.jpg
2026-01-18 18:39:38 [INFO]   ✓ Baixado: extravasation_injuries_0021_81832f55.jpg
2026-01-18 18:39:38 [INFO] Categoria Extravasation Injuries: 21/21 imagens
2026-01-18 18:39:38 [INFO] 
Baixando categoria: Diabetic Foot Ulcers
2026-01-18 18:39:38 [INFO] Total de imagens: 49
2026-01-18 18:39:38 [INFO]   [1/49] diabetic_foot_ulcers_0001_b67d4d22.jpg
2026-01-18 18:39:40 [INFO]   ✓ Baixado: diabetic_foot_ulcers_0001_b67d4d22.jpg
2026-01-18 18:39:40 [INFO]   [2/49] diabetic_foot_ulcers_0002_4d8dcec6.jpg
2026-01-18 18:39:42 [INFO]   ✓ Baixado: diabetic_foot_ulcers_0002_4d8dcec6.jpg
2026-01-18 18:39:42 [INFO]   [3/49] diabetic_foot_ulcers_0003_876e2f72.jpg
2026-01-18 18:39:44 [INFO]   ✓ Baixado: diabetic_foot_ulcers_0003_876e2f72.jpg
2026-01-18 18:39:44 [INFO]   [4/49] diabetic_foot_ulcers_0004_1418a9de.jpg
2026-01-18 18:39:46 [INFO]   ✓ Baixado: diabetic_foot_ulcers_0004_1418a9de.jpg
2026-01-18 18:39:46 [INFO]   [5/49] diabetic_foot_ulcers_0005_86ca03e6.jpg
2026-01-18 18:39:48 [INFO]   ✓ Baixado: diabetic_foot_ulcers_0005_86ca03e6.jpg
2026-01-18 18:39:48 [INFO]   [6/49] diabetic_foot_ulcers_0006_2ea876de.jpg
2026-01-18 18:39:50 [INFO]   ✓ Baixado: diabetic_foot_ulcers_0006_2ea876de.jpg
2026-01-18 18:39:50 [INFO]   [7/49] diabetic_foot_ulcers_0007_0d6565c9.jpg
2026-01-18 18:39:52 [INFO]   ✓ Baixado: diabetic_foot_ulcers_0007_0d6565c9.jpg
2026-01-18 18:39:52 [INFO]   [8/49] diabetic_foot_ulcers_0008_784567c8.jpg
2026-01-18 18:39:53 [INFO]   ✓ Baixado: diabetic_foot_ulcers_0008_784567c8.jpg
2026-01-18 18:39:53 [INFO]   [9/49] diabetic_foot_ulcers_0009_f8c4b416.jpg
2026-01-18 18:39:55 [INFO]   ✓ Baixado: diabetic_foot_ulcers_0009_f8c4b416.jpg
2026-01-18 18:39:55 [INFO]   [10/49] diabetic_foot_ulcers_0010_7139457b.jpg
2026-01-18 18:39:57 [INFO]   ✓ Baixado: diabetic_foot_ulcers_0010_7139457b.jpg
2026-01-18 18:39:57 [INFO]   [11/49] diabetic_foot_ulcers_0011_96589ab6.jpg
2026-01-18 18:39:59 [INFO]   ✓ Baixado: diabetic_foot_ulcers_0011_96589ab6.jpg
2026-01-18 18:39:59 [INFO]   [12/49] diabetic_foot_ulcers_0012_72c91953.jpg
2026-01-18 18:40:01 [INFO]   ✓ Baixado: diabetic_foot_ulcers_0012_72c91953.jpg
2026-01-18 18:40:01 [INFO]   [13/49] diabetic_foot_ulcers_0013_7a72c16f.jpg
2026-01-18 18:40:03 [INFO]   ✓ Baixado: diabetic_foot_ulcers_0013_7a72c16f.jpg
2026-01-18 18:40:03 [INFO]   [14/49] diabetic_foot_ulcers_0014_17e49bca.jpg
2026-01-18 18:40:05 [INFO]   ✓ Baixado: diabetic_foot_ulcers_0014_17e49bca.jpg
2026-01-18 18:40:05 [INFO]   [15/49] diabetic_foot_ulcers_0015_26a9a641.jpg
2026-01-18 18:40:07 [INFO]   ✓ Baixado: diabetic_foot_ulcers_0015_26a9a641.jpg
2026-01-18 18:40:07 [INFO]   [16/49] diabetic_foot_ulcers_0016_4a8324d3.jpg
2026-01-18 18:40:08 [INFO]   ✓ Baixado: diabetic_foot_ulcers_0016_4a8324d3.jpg
2026-01-18 18:40:08 [INFO]   [17/49] diabetic_foot_ulcers_0017_99c6ea08.jpg
2026-01-18 18:40:10 [INFO]   ✓ Baixado: diabetic_foot_ulcers_0017_99c6ea08.jpg
2026-01-18 18:40:10 [INFO]   [18/49] diabetic_foot_ulcers_0018_60dab2ad.jpg
2026-01-18 18:40:12 [INFO]   ✓ Baixado: diabetic_foot_ulcers_0018_60dab2ad.jpg
2026-01-18 18:40:12 [INFO]   [19/49] diabetic_foot_ulcers_0019_025b5567.jpg
2026-01-18 18:40:14 [INFO]   ✓ Baixado: diabetic_foot_ulcers_0019_025b5567.jpg
2026-01-18 18:40:14 [INFO]   [20/49] diabetic_foot_ulcers_0020_2d8b66a1.jpg
2026-01-18 18:40:16 [INFO]   ✓ Baixado: diabetic_foot_ulcers_0020_2d8b66a1.jpg
2026-01-18 18:40:16 [INFO]   [21/49] diabetic_foot_ulcers_0021_38c61fb0.jpg
2026-01-18 18:40:18 [INFO]   ✓ Baixado: diabetic_foot_ulcers_0021_38c61fb0.jpg
2026-01-18 18:40:18 [INFO]   [22/49] diabetic_foot_ulcers_0022_82149f81.jpg
2026-01-18 18:40:20 [INFO]   ✓ Baixado: diabetic_foot_ulcers_0022_82149f81.jpg
2026-01-18 18:40:20 [INFO]   [23/49] diabetic_foot_ulcers_0023_372ad696.jpg
2026-01-18 18:40:21 [INFO]   ✓ Baixado: diabetic_foot_ulcers_0023_372ad696.jpg
2026-01-18 18:40:21 [INFO]   [24/49] diabetic_foot_ulcers_0024_b8f5be5b.jpg
2026-01-18 18:40:23 [INFO]   ✓ Baixado: diabetic_foot_ulcers_0024_b8f5be5b.jpg
2026-01-18 18:40:23 [INFO]   [25/49] diabetic_foot_ulcers_0025_64fdd059.jpg
2026-01-18 18:40:25 [INFO]   ✓ Baixado: diabetic_foot_ulcers_0025_64fdd059.jpg
2026-01-18 18:40:25 [INFO]   [26/49] diabetic_foot_ulcers_0026_b63355e5.jpg
2026-01-18 18:40:27 [INFO]   ✓ Baixado: diabetic_foot_ulcers_0026_b63355e5.jpg
2026-01-18 18:40:27 [INFO]   [27/49] diabetic_foot_ulcers_0027_79a93674.jpg
2026-01-18 18:40:29 [INFO]   ✓ Baixado: diabetic_foot_ulcers_0027_79a93674.jpg
2026-01-18 18:40:29 [INFO]   [28/49] diabetic_foot_ulcers_0028_b121cd9f.jpg
2026-01-18 18:40:31 [INFO]   ✓ Baixado: diabetic_foot_ulcers_0028_b121cd9f.jpg
2026-01-18 18:40:31 [INFO]   [29/49] diabetic_foot_ulcers_0029_7184ee40.jpg
2026-01-18 18:40:33 [INFO]   ✓ Baixado: diabetic_foot_ulcers_0029_7184ee40.jpg
2026-01-18 18:40:33 [INFO]   [30/49] diabetic_foot_ulcers_0030_330abbe3.jpg
2026-01-18 18:40:35 [INFO]   ✓ Baixado: diabetic_foot_ulcers_0030_330abbe3.jpg
2026-01-18 18:40:35 [INFO]   [31/49] diabetic_foot_ulcers_0031_224f1416.jpg
2026-01-18 18:40:36 [INFO]   ✓ Baixado: diabetic_foot_ulcers_0031_224f1416.jpg
2026-01-18 18:40:36 [INFO]   [32/49] diabetic_foot_ulcers_0032_067e2dcc.jpg
2026-01-18 18:40:38 [INFO]   ✓ Baixado: diabetic_foot_ulcers_0032_067e2dcc.jpg
2026-01-18 18:40:38 [INFO]   [33/49] diabetic_foot_ulcers_0033_c94b6d67.jpg
2026-01-18 18:40:40 [INFO]   ✓ Baixado: diabetic_foot_ulcers_0033_c94b6d67.jpg
2026-01-18 18:40:40 [INFO]   [34/49] diabetic_foot_ulcers_0034_d6cbc81c.jpg
2026-01-18 18:40:42 [INFO]   ✓ Baixado: diabetic_foot_ulcers_0034_d6cbc81c.jpg
2026-01-18 18:40:42 [INFO]   [35/49] diabetic_foot_ulcers_0035_f05d562e.jpg
2026-01-18 18:40:44 [INFO]   ✓ Baixado: diabetic_foot_ulcers_0035_f05d562e.jpg
2026-01-18 18:40:44 [INFO]   [36/49] diabetic_foot_ulcers_0036_80a3f9c2.jpg
2026-01-18 18:40:46 [INFO]   ✓ Baixado: diabetic_foot_ulcers_0036_80a3f9c2.jpg
2026-01-18 18:40:46 [INFO]   [37/49] diabetic_foot_ulcers_0037_a50c44fc.jpg
2026-01-18 18:40:48 [INFO]   ✓ Baixado: diabetic_foot_ulcers_0037_a50c44fc.jpg
2026-01-18 18:40:48 [INFO]   [38/49] diabetic_foot_ulcers_0038_87a3f05e.jpg
2026-01-18 18:40:49 [INFO]   ✓ Baixado: diabetic_foot_ulcers_0038_87a3f05e.jpg
2026-01-18 18:40:49 [INFO]   [39/49] diabetic_foot_ulcers_0039_b5b6703d.jpg
2026-01-18 18:40:51 [INFO]   ✓ Baixado: diabetic_foot_ulcers_0039_b5b6703d.jpg
2026-01-18 18:40:51 [INFO]   [40/49] diabetic_foot_ulcers_0040_262aba66.jpg
2026-01-18 18:40:53 [INFO]   ✓ Baixado: diabetic_foot_ulcers_0040_262aba66.jpg
2026-01-18 18:40:53 [INFO]   [41/49] diabetic_foot_ulcers_0041_2e428c17.jpg
2026-01-18 18:40:55 [INFO]   ✓ Baixado: diabetic_foot_ulcers_0041_2e428c17.jpg
2026-01-18 18:40:55 [INFO]   [42/49] diabetic_foot_ulcers_0042_1f4b3c73.jpg
2026-01-18 18:40:57 [INFO]   ✓ Baixado: diabetic_foot_ulcers_0042_1f4b3c73.jpg
2026-01-18 18:40:57 [INFO]   [43/49] diabetic_foot_ulcers_0043_c56379dd.jpg
2026-01-18 18:40:59 [INFO]   ✓ Baixado: diabetic_foot_ulcers_0043_c56379dd.jpg
2026-01-18 18:40:59 [INFO]   [44/49] diabetic_foot_ulcers_0044_9eff078c.jpg
2026-01-18 18:41:01 [INFO]   ✓ Baixado: diabetic_foot_ulcers_0044_9eff078c.jpg
2026-01-18 18:41:01 [INFO]   [45/49] diabetic_foot_ulcers_0045_be970975.jpg
2026-01-18 18:41:02 [INFO]   ✓ Baixado: diabetic_foot_ulcers_0045_be970975.jpg
2026-01-18 18:41:02 [INFO]   [46/49] diabetic_foot_ulcers_0046_c91e3b0a.jpg
2026-01-18 18:41:04 [INFO]   ✓ Baixado: diabetic_foot_ulcers_0046_c91e3b0a.jpg
2026-01-18 18:41:04 [INFO]   [47/49] diabetic_foot_ulcers_0047_493022a3.jpg
2026-01-18 18:41:06 [INFO]   ✓ Baixado: diabetic_foot_ulcers_0047_493022a3.jpg
2026-01-18 18:41:06 [INFO]   [48/49] diabetic_foot_ulcers_0048_d9885fe2.jpg
2026-01-18 18:41:08 [INFO]   ✓ Baixado: diabetic_foot_ulcers_0048_d9885fe2.jpg
2026-01-18 18:41:08 [INFO]   [49/49] diabetic_foot_ulcers_0049_980a8ca0.jpg
2026-01-18 18:41:10 [INFO]   ✓ Baixado: diabetic_foot_ulcers_0049_980a8ca0.jpg
2026-01-18 18:41:10 [INFO] Categoria Diabetic Foot Ulcers: 49/49 imagens
2026-01-18 18:41:10 [INFO] 
Baixando categoria: Haemangiomas
2026-01-18 18:41:10 [INFO] Total de imagens: 7
2026-01-18 18:41:10 [INFO]   [1/7] haemangiomas_0001_9ec053ef.jpg
2026-01-18 18:41:12 [INFO]   ✓ Baixado: haemangiomas_0001_9ec053ef.jpg
2026-01-18 18:41:12 [INFO]   [2/7] haemangiomas_0002_f8d2219d.jpg
2026-01-18 18:41:14 [INFO]   ✓ Baixado: haemangiomas_0002_f8d2219d.jpg
2026-01-18 18:41:14 [INFO]   [3/7] haemangiomas_0003_c8e51fc9.jpg
2026-01-18 18:41:16 [INFO]   ✓ Baixado: haemangiomas_0003_c8e51fc9.jpg
2026-01-18 18:41:16 [INFO]   [4/7] haemangiomas_0004_b16337f6.jpg
2026-01-18 18:41:18 [INFO]   ✓ Baixado: haemangiomas_0004_b16337f6.jpg
2026-01-18 18:41:18 [INFO]   [5/7] haemangiomas_0005_023a6d01.jpg
2026-01-18 18:41:19 [INFO]   ✓ Baixado: haemangiomas_0005_023a6d01.jpg
2026-01-18 18:41:19 [INFO]   [6/7] haemangiomas_0006_8717601b.jpg
2026-01-18 18:41:21 [INFO]   ✓ Baixado: haemangiomas_0006_8717601b.jpg
2026-01-18 18:41:21 [INFO]   [7/7] haemangiomas_0007_1fde2838.jpg
2026-01-18 18:41:23 [INFO]   ✓ Baixado: haemangiomas_0007_1fde2838.jpg
2026-01-18 18:41:23 [INFO] Categoria Haemangiomas: 7/7 imagens
2026-01-18 18:41:23 [INFO] 
Baixando categoria: Venous Arterial Ulcers 1
2026-01-18 18:41:23 [INFO] Total de imagens: 85
2026-01-18 18:41:23 [INFO]   [1/85] venous_arterial_ulcers_1_0001_2252f6cc.jpg
2026-01-18 18:41:25 [INFO]   ✓ Baixado: venous_arterial_ulcers_1_0001_2252f6cc.jpg
2026-01-18 18:41:25 [INFO]   [2/85] venous_arterial_ulcers_1_0002_35c29693.jpg
2026-01-18 18:41:27 [INFO]   ✓ Baixado: venous_arterial_ulcers_1_0002_35c29693.jpg
2026-01-18 18:41:27 [INFO]   [3/85] venous_arterial_ulcers_1_0003_39cc7974.jpg
2026-01-18 18:41:29 [INFO]   ✓ Baixado: venous_arterial_ulcers_1_0003_39cc7974.jpg
2026-01-18 18:41:29 [INFO]   [4/85] venous_arterial_ulcers_1_0004_24fccd3f.jpg
2026-01-18 18:41:31 [INFO]   ✓ Baixado: venous_arterial_ulcers_1_0004_24fccd3f.jpg
2026-01-18 18:41:31 [INFO]   [5/85] venous_arterial_ulcers_1_0005_2848d7ad.jpg
2026-01-18 18:41:33 [INFO]   ✓ Baixado: venous_arterial_ulcers_1_0005_2848d7ad.jpg
2026-01-18 18:41:33 [INFO]   [6/85] venous_arterial_ulcers_1_0006_c5323da5.jpg
2026-01-18 18:41:34 [INFO]   ✓ Baixado: venous_arterial_ulcers_1_0006_c5323da5.jpg
2026-01-18 18:41:34 [INFO]   [7/85] venous_arterial_ulcers_1_0007_7f22edd0.jpg
2026-01-18 18:41:36 [INFO]   ✓ Baixado: venous_arterial_ulcers_1_0007_7f22edd0.jpg
2026-01-18 18:41:36 [INFO]   [8/85] venous_arterial_ulcers_1_0008_f22d1ead.jpg
2026-01-18 18:41:38 [INFO]   ✓ Baixado: venous_arterial_ulcers_1_0008_f22d1ead.jpg
2026-01-18 18:41:38 [INFO]   [9/85] venous_arterial_ulcers_1_0009_db5e9b1e.jpg
2026-01-18 18:41:40 [INFO]   ✓ Baixado: venous_arterial_ulcers_1_0009_db5e9b1e.jpg
2026-01-18 18:41:40 [INFO]   [10/85] venous_arterial_ulcers_1_0010_b3d957e1.jpg
2026-01-18 18:41:42 [INFO]   ✓ Baixado: venous_arterial_ulcers_1_0010_b3d957e1.jpg
2026-01-18 18:41:42 [INFO]   [11/85] venous_arterial_ulcers_1_0011_d1f05693.jpg
2026-01-18 18:41:44 [INFO]   ✓ Baixado: venous_arterial_ulcers_1_0011_d1f05693.jpg
2026-01-18 18:41:44 [INFO]   [12/85] venous_arterial_ulcers_1_0012_ed2c91a9.jpg
2026-01-18 18:41:46 [INFO]   ✓ Baixado: venous_arterial_ulcers_1_0012_ed2c91a9.jpg
2026-01-18 18:41:46 [INFO]   [13/85] venous_arterial_ulcers_1_0013_c80de987.jpg
2026-01-18 18:41:48 [INFO]   ✓ Baixado: venous_arterial_ulcers_1_0013_c80de987.jpg
2026-01-18 18:41:48 [INFO]   [14/85] venous_arterial_ulcers_1_0014_22212b88.jpg
2026-01-18 18:41:49 [INFO]   ✓ Baixado: venous_arterial_ulcers_1_0014_22212b88.jpg
2026-01-18 18:41:49 [INFO]   [15/85] venous_arterial_ulcers_1_0015_618109ed.jpg
2026-01-18 18:41:51 [INFO]   ✓ Baixado: venous_arterial_ulcers_1_0015_618109ed.jpg
2026-01-18 18:41:51 [INFO]   [16/85] venous_arterial_ulcers_1_0016_207ae999.jpg
2026-01-18 18:41:53 [INFO]   ✓ Baixado: venous_arterial_ulcers_1_0016_207ae999.jpg
2026-01-18 18:41:53 [INFO]   [17/85] venous_arterial_ulcers_1_0017_74c9268f.jpg
2026-01-18 18:41:55 [INFO]   ✓ Baixado: venous_arterial_ulcers_1_0017_74c9268f.jpg
2026-01-18 18:41:55 [INFO]   [18/85] venous_arterial_ulcers_1_0018_3d382b33.jpg
2026-01-18 18:41:57 [INFO]   ✓ Baixado: venous_arterial_ulcers_1_0018_3d382b33.jpg
2026-01-18 18:41:57 [INFO]   [19/85] venous_arterial_ulcers_1_0019_b44cb14f.jpg
2026-01-18 18:41:59 [INFO]   ✓ Baixado: venous_arterial_ulcers_1_0019_b44cb14f.jpg
2026-01-18 18:41:59 [INFO]   [20/85] venous_arterial_ulcers_1_0020_2073fbbb.jpg
2026-01-18 18:42:01 [INFO]   ✓ Baixado: venous_arterial_ulcers_1_0020_2073fbbb.jpg
2026-01-18 18:42:01 [INFO]   [21/85] venous_arterial_ulcers_1_0021_8cd5061e.jpg
2026-01-18 18:42:03 [INFO]   ✓ Baixado: venous_arterial_ulcers_1_0021_8cd5061e.jpg
2026-01-18 18:42:03 [INFO]   [22/85] venous_arterial_ulcers_1_0022_2105fb2d.jpg
2026-01-18 18:42:05 [INFO]   ✓ Baixado: venous_arterial_ulcers_1_0022_2105fb2d.jpg
2026-01-18 18:42:05 [INFO]   [23/85] venous_arterial_ulcers_1_0023_4b02c134.jpg
2026-01-18 18:42:06 [INFO]   ✓ Baixado: venous_arterial_ulcers_1_0023_4b02c134.jpg
2026-01-18 18:42:06 [INFO]   [24/85] venous_arterial_ulcers_1_0024_92193482.jpg
2026-01-18 18:42:08 [INFO]   ✓ Baixado: venous_arterial_ulcers_1_0024_92193482.jpg
2026-01-18 18:42:08 [INFO]   [25/85] venous_arterial_ulcers_1_0025_33eeb9f9.jpg
2026-01-18 18:42:10 [INFO]   ✓ Baixado: venous_arterial_ulcers_1_0025_33eeb9f9.jpg
2026-01-18 18:42:10 [INFO]   [26/85] venous_arterial_ulcers_1_0026_c204b3cb.jpg
2026-01-18 18:42:12 [INFO]   ✓ Baixado: venous_arterial_ulcers_1_0026_c204b3cb.jpg
2026-01-18 18:42:12 [INFO]   [27/85] venous_arterial_ulcers_1_0027_55c80b57.jpg
2026-01-18 18:42:14 [INFO]   ✓ Baixado: venous_arterial_ulcers_1_0027_55c80b57.jpg
2026-01-18 18:42:14 [INFO]   [28/85] venous_arterial_ulcers_1_0028_edba7f3f.jpg
2026-01-18 18:42:16 [INFO]   ✓ Baixado: venous_arterial_ulcers_1_0028_edba7f3f.jpg
2026-01-18 18:42:16 [INFO]   [29/85] venous_arterial_ulcers_1_0029_d2c29ed8.jpg
2026-01-18 18:42:18 [INFO]   ✓ Baixado: venous_arterial_ulcers_1_0029_d2c29ed8.jpg
2026-01-18 18:42:18 [INFO]   [30/85] venous_arterial_ulcers_1_0030_fb2210b3.jpg
2026-01-18 18:42:20 [INFO]   ✓ Baixado: venous_arterial_ulcers_1_0030_fb2210b3.jpg
2026-01-18 18:42:20 [INFO]   [31/85] venous_arterial_ulcers_1_0031_8c50eaec.jpg
2026-01-18 18:42:21 [INFO]   ✓ Baixado: venous_arterial_ulcers_1_0031_8c50eaec.jpg
2026-01-18 18:42:21 [INFO]   [32/85] venous_arterial_ulcers_1_0032_0a5d1b73.jpg
2026-01-18 18:42:23 [INFO]   ✓ Baixado: venous_arterial_ulcers_1_0032_0a5d1b73.jpg
2026-01-18 18:42:23 [INFO]   [33/85] venous_arterial_ulcers_1_0033_496faa50.jpg
2026-01-18 18:42:25 [INFO]   ✓ Baixado: venous_arterial_ulcers_1_0033_496faa50.jpg
2026-01-18 18:42:25 [INFO]   [34/85] venous_arterial_ulcers_1_0034_077e7290.jpg
2026-01-18 18:42:27 [INFO]   ✓ Baixado: venous_arterial_ulcers_1_0034_077e7290.jpg
2026-01-18 18:42:27 [INFO]   [35/85] venous_arterial_ulcers_1_0035_e80af98e.jpg
2026-01-18 18:42:29 [INFO]   ✓ Baixado: venous_arterial_ulcers_1_0035_e80af98e.jpg
2026-01-18 18:42:29 [INFO]   [36/85] venous_arterial_ulcers_1_0036_17325124.jpg
2026-01-18 18:42:31 [INFO]   ✓ Baixado: venous_arterial_ulcers_1_0036_17325124.jpg
2026-01-18 18:42:31 [INFO]   [37/85] venous_arterial_ulcers_1_0037_c1478ba3.jpg
2026-01-18 18:42:33 [INFO]   ✓ Baixado: venous_arterial_ulcers_1_0037_c1478ba3.jpg
2026-01-18 18:42:33 [INFO]   [38/85] venous_arterial_ulcers_1_0038_073a107b.jpg
2026-01-18 18:42:35 [INFO]   ✓ Baixado: venous_arterial_ulcers_1_0038_073a107b.jpg
2026-01-18 18:42:35 [INFO]   [39/85] venous_arterial_ulcers_1_0039_3e723bf6.jpg
2026-01-18 18:42:36 [INFO]   ✓ Baixado: venous_arterial_ulcers_1_0039_3e723bf6.jpg
2026-01-18 18:42:36 [INFO]   [40/85] venous_arterial_ulcers_1_0040_36cbf23b.jpg
2026-01-18 18:42:38 [INFO]   ✓ Baixado: venous_arterial_ulcers_1_0040_36cbf23b.jpg
2026-01-18 18:42:38 [INFO]   [41/85] venous_arterial_ulcers_1_0041_205f167f.jpg
2026-01-18 18:42:40 [INFO]   ✓ Baixado: venous_arterial_ulcers_1_0041_205f167f.jpg
2026-01-18 18:42:40 [INFO]   [42/85] venous_arterial_ulcers_1_0042_4aa707dd.jpg
2026-01-18 18:42:42 [INFO]   ✓ Baixado: venous_arterial_ulcers_1_0042_4aa707dd.jpg
2026-01-18 18:42:42 [INFO]   [43/85] venous_arterial_ulcers_1_0043_33f9aaea.jpg
2026-01-18 18:42:44 [INFO]   ✓ Baixado: venous_arterial_ulcers_1_0043_33f9aaea.jpg
2026-01-18 18:42:44 [INFO]   [44/85] venous_arterial_ulcers_1_0044_65862583.jpg
2026-01-18 18:42:46 [INFO]   ✓ Baixado: venous_arterial_ulcers_1_0044_65862583.jpg
2026-01-18 18:42:46 [INFO]   [45/85] venous_arterial_ulcers_1_0045_9fc3892b.jpg
2026-01-18 18:42:48 [INFO]   ✓ Baixado: venous_arterial_ulcers_1_0045_9fc3892b.jpg
2026-01-18 18:42:48 [INFO]   [46/85] venous_arterial_ulcers_1_0046_9b6aeb89.jpg
2026-01-18 18:42:50 [INFO]   ✓ Baixado: venous_arterial_ulcers_1_0046_9b6aeb89.jpg
2026-01-18 18:42:50 [INFO]   [47/85] venous_arterial_ulcers_1_0047_1261e226.jpg
2026-01-18 18:42:51 [INFO]   ✓ Baixado: venous_arterial_ulcers_1_0047_1261e226.jpg
2026-01-18 18:42:51 [INFO]   [48/85] venous_arterial_ulcers_1_0048_3b45aa5b.jpg
2026-01-18 18:42:53 [INFO]   ✓ Baixado: venous_arterial_ulcers_1_0048_3b45aa5b.jpg
2026-01-18 18:42:53 [INFO]   [49/85] venous_arterial_ulcers_1_0049_f77c9bd0.jpg
2026-01-18 18:42:55 [INFO]   ✓ Baixado: venous_arterial_ulcers_1_0049_f77c9bd0.jpg
2026-01-18 18:42:55 [INFO]   [50/85] venous_arterial_ulcers_1_0050_366a64f6.jpg
2026-01-18 18:42:57 [INFO]   ✓ Baixado: venous_arterial_ulcers_1_0050_366a64f6.jpg
2026-01-18 18:42:57 [INFO]   [51/85] venous_arterial_ulcers_1_0051_6a87b5c0.jpg
2026-01-18 18:42:59 [INFO]   ✓ Baixado: venous_arterial_ulcers_1_0051_6a87b5c0.jpg
2026-01-18 18:42:59 [INFO]   [52/85] venous_arterial_ulcers_1_0052_722a98ed.jpg
2026-01-18 18:43:01 [INFO]   ✓ Baixado: venous_arterial_ulcers_1_0052_722a98ed.jpg
2026-01-18 18:43:01 [INFO]   [53/85] venous_arterial_ulcers_1_0053_94d6219f.jpg
2026-01-18 18:43:03 [INFO]   ✓ Baixado: venous_arterial_ulcers_1_0053_94d6219f.jpg
2026-01-18 18:43:03 [INFO]   [54/85] venous_arterial_ulcers_1_0054_00e322c3.jpg
2026-01-18 18:43:05 [INFO]   ✓ Baixado: venous_arterial_ulcers_1_0054_00e322c3.jpg
2026-01-18 18:43:05 [INFO]   [55/85] venous_arterial_ulcers_1_0055_5556af6b.jpg
2026-01-18 18:43:06 [INFO]   ✓ Baixado: venous_arterial_ulcers_1_0055_5556af6b.jpg
2026-01-18 18:43:06 [INFO]   [56/85] venous_arterial_ulcers_1_0056_fa1fcec6.jpg
2026-01-18 18:43:08 [INFO]   ✓ Baixado: venous_arterial_ulcers_1_0056_fa1fcec6.jpg
2026-01-18 18:43:08 [INFO]   [57/85] venous_arterial_ulcers_1_0057_1d542fae.jpg
2026-01-18 18:43:10 [INFO]   ✓ Baixado: venous_arterial_ulcers_1_0057_1d542fae.jpg
2026-01-18 18:43:10 [INFO]   [58/85] venous_arterial_ulcers_1_0058_e5b0f4b7.jpg
2026-01-18 18:43:12 [INFO]   ✓ Baixado: venous_arterial_ulcers_1_0058_e5b0f4b7.jpg
2026-01-18 18:43:12 [INFO]   [59/85] venous_arterial_ulcers_1_0059_a495d95b.jpg
2026-01-18 18:43:14 [INFO]   ✓ Baixado: venous_arterial_ulcers_1_0059_a495d95b.jpg
2026-01-18 18:43:14 [INFO]   [60/85] venous_arterial_ulcers_1_0060_2571b905.jpg
2026-01-18 18:43:16 [INFO]   ✓ Baixado: venous_arterial_ulcers_1_0060_2571b905.jpg
2026-01-18 18:43:16 [INFO]   [61/85] venous_arterial_ulcers_1_0061_d8214f04.jpg
2026-01-18 18:43:18 [INFO]   ✓ Baixado: venous_arterial_ulcers_1_0061_d8214f04.jpg
2026-01-18 18:43:18 [INFO]   [62/85] venous_arterial_ulcers_1_0062_52fb18a5.jpg
2026-01-18 18:43:20 [INFO]   ✓ Baixado: venous_arterial_ulcers_1_0062_52fb18a5.jpg
2026-01-18 18:43:20 [INFO]   [63/85] venous_arterial_ulcers_1_0063_8f38d6a0.jpg
2026-01-18 18:43:22 [INFO]   ✓ Baixado: venous_arterial_ulcers_1_0063_8f38d6a0.jpg
2026-01-18 18:43:22 [INFO]   [64/85] venous_arterial_ulcers_1_0064_8148e48a.jpg
2026-01-18 18:43:23 [INFO]   ✓ Baixado: venous_arterial_ulcers_1_0064_8148e48a.jpg
2026-01-18 18:43:23 [INFO]   [65/85] venous_arterial_ulcers_1_0065_fa7b84d5.jpg
2026-01-18 18:43:25 [INFO]   ✓ Baixado: venous_arterial_ulcers_1_0065_fa7b84d5.jpg
2026-01-18 18:43:25 [INFO]   [66/85] venous_arterial_ulcers_1_0066_c581b430.jpg
2026-01-18 18:43:27 [INFO]   ✓ Baixado: venous_arterial_ulcers_1_0066_c581b430.jpg
2026-01-18 18:43:27 [INFO]   [67/85] venous_arterial_ulcers_1_0067_35b6c7e1.jpg
2026-01-18 18:43:29 [INFO]   ✓ Baixado: venous_arterial_ulcers_1_0067_35b6c7e1.jpg
2026-01-18 18:43:29 [INFO]   [68/85] venous_arterial_ulcers_1_0068_9bc4708a.jpg
2026-01-18 18:43:31 [INFO]   ✓ Baixado: venous_arterial_ulcers_1_0068_9bc4708a.jpg
2026-01-18 18:43:31 [INFO]   [69/85] venous_arterial_ulcers_1_0069_0d0fa1a5.jpg
2026-01-18 18:43:33 [INFO]   ✓ Baixado: venous_arterial_ulcers_1_0069_0d0fa1a5.jpg
2026-01-18 18:43:33 [INFO]   [70/85] venous_arterial_ulcers_1_0070_e4956105.jpg
2026-01-18 18:43:35 [INFO]   ✓ Baixado: venous_arterial_ulcers_1_0070_e4956105.jpg
2026-01-18 18:43:35 [INFO]   [71/85] venous_arterial_ulcers_1_0071_afe023bf.jpg
2026-01-18 18:43:36 [INFO]   ✓ Baixado: venous_arterial_ulcers_1_0071_afe023bf.jpg
2026-01-18 18:43:36 [INFO]   [72/85] venous_arterial_ulcers_1_0072_ea487da4.jpg
2026-01-18 18:43:38 [INFO]   ✓ Baixado: venous_arterial_ulcers_1_0072_ea487da4.jpg
2026-01-18 18:43:38 [INFO]   [73/85] venous_arterial_ulcers_1_0073_426182ac.jpg
2026-01-18 18:43:40 [INFO]   ✓ Baixado: venous_arterial_ulcers_1_0073_426182ac.jpg
2026-01-18 18:43:40 [INFO]   [74/85] venous_arterial_ulcers_1_0074_97b722cd.jpg
2026-01-18 18:43:42 [INFO]   ✓ Baixado: venous_arterial_ulcers_1_0074_97b722cd.jpg
2026-01-18 18:43:42 [INFO]   [75/85] venous_arterial_ulcers_1_0075_beb73914.jpg
2026-01-18 18:43:44 [INFO]   ✓ Baixado: venous_arterial_ulcers_1_0075_beb73914.jpg
2026-01-18 18:43:44 [INFO]   [76/85] venous_arterial_ulcers_1_0076_669578ee.jpg
2026-01-18 18:43:46 [INFO]   ✓ Baixado: venous_arterial_ulcers_1_0076_669578ee.jpg
2026-01-18 18:43:46 [INFO]   [77/85] venous_arterial_ulcers_1_0077_3f5bdc6f.jpg
2026-01-18 18:43:48 [INFO]   ✓ Baixado: venous_arterial_ulcers_1_0077_3f5bdc6f.jpg
2026-01-18 18:43:48 [INFO]   [78/85] venous_arterial_ulcers_1_0078_8de65c27.jpg
2026-01-18 18:43:50 [INFO]   ✓ Baixado: venous_arterial_ulcers_1_0078_8de65c27.jpg
2026-01-18 18:43:50 [INFO]   [79/85] venous_arterial_ulcers_1_0079_f00b31b7.jpg
2026-01-18 18:43:51 [INFO]   ✓ Baixado: venous_arterial_ulcers_1_0079_f00b31b7.jpg
2026-01-18 18:43:51 [INFO]   [80/85] venous_arterial_ulcers_1_0080_25e5f9fc.jpg
2026-01-18 18:43:53 [INFO]   ✓ Baixado: venous_arterial_ulcers_1_0080_25e5f9fc.jpg
2026-01-18 18:43:53 [INFO]   [81/85] venous_arterial_ulcers_1_0081_89ad60e4.jpg
2026-01-18 18:43:55 [INFO]   ✓ Baixado: venous_arterial_ulcers_1_0081_89ad60e4.jpg
2026-01-18 18:43:55 [INFO]   [82/85] venous_arterial_ulcers_1_0082_c1ea3d5b.jpg
2026-01-18 18:43:57 [INFO]   ✓ Baixado: venous_arterial_ulcers_1_0082_c1ea3d5b.jpg
2026-01-18 18:43:57 [INFO]   [83/85] venous_arterial_ulcers_1_0083_c06ff572.jpg
2026-01-18 18:43:59 [INFO]   ✓ Baixado: venous_arterial_ulcers_1_0083_c06ff572.jpg
2026-01-18 18:43:59 [INFO]   [84/85] venous_arterial_ulcers_1_0084_c0e5d140.jpg
2026-01-18 18:44:01 [INFO]   ✓ Baixado: venous_arterial_ulcers_1_0084_c0e5d140.jpg
2026-01-18 18:44:01 [INFO]   [85/85] venous_arterial_ulcers_1_0085_b94eef96.jpg
2026-01-18 18:44:03 [INFO]   ✓ Baixado: venous_arterial_ulcers_1_0085_b94eef96.jpg
2026-01-18 18:44:03 [INFO] Categoria Venous Arterial Ulcers 1: 85/85 imagens
2026-01-18 18:44:03 [INFO] 
Baixando categoria: Venous Arterial Ulcers 2
2026-01-18 18:44:03 [INFO] Total de imagens: 51
2026-01-18 18:44:03 [INFO]   [1/51] venous_arterial_ulcers_2_0001_95278f17.jpg
2026-01-18 18:44:05 [INFO]   ✓ Baixado: venous_arterial_ulcers_2_0001_95278f17.jpg
2026-01-18 18:44:05 [INFO]   [2/51] venous_arterial_ulcers_2_0002_92ee5545.jpg
2026-01-18 18:44:07 [INFO]   ✓ Baixado: venous_arterial_ulcers_2_0002_92ee5545.jpg
2026-01-18 18:44:07 [INFO]   [3/51] venous_arterial_ulcers_2_0003_96f73214.jpg
2026-01-18 18:44:08 [INFO]   ✓ Baixado: venous_arterial_ulcers_2_0003_96f73214.jpg
2026-01-18 18:44:08 [INFO]   [4/51] venous_arterial_ulcers_2_0004_0b105065.jpg
2026-01-18 18:44:10 [INFO]   ✓ Baixado: venous_arterial_ulcers_2_0004_0b105065.jpg
2026-01-18 18:44:10 [INFO]   [5/51] venous_arterial_ulcers_2_0005_15d577ca.jpg
2026-01-18 18:44:12 [INFO]   ✓ Baixado: venous_arterial_ulcers_2_0005_15d577ca.jpg
2026-01-18 18:44:12 [INFO]   [6/51] venous_arterial_ulcers_2_0006_1f2b770c.jpg
2026-01-18 18:44:14 [INFO]   ✓ Baixado: venous_arterial_ulcers_2_0006_1f2b770c.jpg
2026-01-18 18:44:14 [INFO]   [7/51] venous_arterial_ulcers_2_0007_e970badc.jpg
2026-01-18 18:44:16 [INFO]   ✓ Baixado: venous_arterial_ulcers_2_0007_e970badc.jpg
2026-01-18 18:44:16 [INFO]   [8/51] venous_arterial_ulcers_2_0008_7e2c0a9f.jpg
2026-01-18 18:44:18 [INFO]   ✓ Baixado: venous_arterial_ulcers_2_0008_7e2c0a9f.jpg
2026-01-18 18:44:18 [INFO]   [9/51] venous_arterial_ulcers_2_0009_31a31df1.jpg
2026-01-18 18:44:20 [INFO]   ✓ Baixado: venous_arterial_ulcers_2_0009_31a31df1.jpg
2026-01-18 18:44:20 [INFO]   [10/51] venous_arterial_ulcers_2_0010_e7d68480.jpg
2026-01-18 18:44:21 [INFO]   ✓ Baixado: venous_arterial_ulcers_2_0010_e7d68480.jpg
2026-01-18 18:44:21 [INFO]   [11/51] venous_arterial_ulcers_2_0011_f488492b.jpg
2026-01-18 18:44:23 [INFO]   ✓ Baixado: venous_arterial_ulcers_2_0011_f488492b.jpg
2026-01-18 18:44:23 [INFO]   [12/51] venous_arterial_ulcers_2_0012_7fb994f9.jpg
2026-01-18 18:44:25 [INFO]   ✓ Baixado: venous_arterial_ulcers_2_0012_7fb994f9.jpg
2026-01-18 18:44:25 [INFO]   [13/51] venous_arterial_ulcers_2_0013_dcfe2c03.jpg
2026-01-18 18:44:27 [INFO]   ✓ Baixado: venous_arterial_ulcers_2_0013_dcfe2c03.jpg
2026-01-18 18:44:27 [INFO]   [14/51] venous_arterial_ulcers_2_0014_fc5573d2.jpg
2026-01-18 18:44:29 [INFO]   ✓ Baixado: venous_arterial_ulcers_2_0014_fc5573d2.jpg
2026-01-18 18:44:29 [INFO]   [15/51] venous_arterial_ulcers_2_0015_bfc5e64d.jpg
2026-01-18 18:44:31 [INFO]   ✓ Baixado: venous_arterial_ulcers_2_0015_bfc5e64d.jpg
2026-01-18 18:44:31 [INFO]   [16/51] venous_arterial_ulcers_2_0016_205d9c48.jpg
2026-01-18 18:44:33 [INFO]   ✓ Baixado: venous_arterial_ulcers_2_0016_205d9c48.jpg
2026-01-18 18:44:33 [INFO]   [17/51] venous_arterial_ulcers_2_0017_95e2ef13.jpg
2026-01-18 18:44:35 [INFO]   ✓ Baixado: venous_arterial_ulcers_2_0017_95e2ef13.jpg
2026-01-18 18:44:35 [INFO]   [18/51] venous_arterial_ulcers_2_0018_44c5f789.jpg
2026-01-18 18:44:37 [INFO]   ✓ Baixado: venous_arterial_ulcers_2_0018_44c5f789.jpg
2026-01-18 18:44:37 [INFO]   [19/51] venous_arterial_ulcers_2_0019_367f52a1.jpg
2026-01-18 18:44:38 [INFO]   ✓ Baixado: venous_arterial_ulcers_2_0019_367f52a1.jpg
2026-01-18 18:44:38 [INFO]   [20/51] venous_arterial_ulcers_2_0020_b2711b94.jpg
2026-01-18 18:44:40 [INFO]   ✓ Baixado: venous_arterial_ulcers_2_0020_b2711b94.jpg
2026-01-18 18:44:40 [INFO]   [21/51] venous_arterial_ulcers_2_0021_60ec1d91.jpg
2026-01-18 18:44:42 [INFO]   ✓ Baixado: venous_arterial_ulcers_2_0021_60ec1d91.jpg
2026-01-18 18:44:42 [INFO]   [22/51] venous_arterial_ulcers_2_0022_7d701e3e.jpg
2026-01-18 18:44:44 [INFO]   ✓ Baixado: venous_arterial_ulcers_2_0022_7d701e3e.jpg
2026-01-18 18:44:44 [INFO]   [23/51] venous_arterial_ulcers_2_0023_88ddf3d3.jpg
2026-01-18 18:44:46 [INFO]   ✓ Baixado: venous_arterial_ulcers_2_0023_88ddf3d3.jpg
2026-01-18 18:44:46 [INFO]   [24/51] venous_arterial_ulcers_2_0024_382f6f13.jpg
2026-01-18 18:44:48 [INFO]   ✓ Baixado: venous_arterial_ulcers_2_0024_382f6f13.jpg
2026-01-18 18:44:48 [INFO]   [25/51] venous_arterial_ulcers_2_0025_eb568860.jpg
2026-01-18 18:44:50 [INFO]   ✓ Baixado: venous_arterial_ulcers_2_0025_eb568860.jpg
2026-01-18 18:44:50 [INFO]   [26/51] venous_arterial_ulcers_2_0026_92f2815e.jpg
2026-01-18 18:44:52 [INFO]   ✓ Baixado: venous_arterial_ulcers_2_0026_92f2815e.jpg
2026-01-18 18:44:52 [INFO]   [27/51] venous_arterial_ulcers_2_0027_bbfef112.jpg
2026-01-18 18:44:53 [INFO]   ✓ Baixado: venous_arterial_ulcers_2_0027_bbfef112.jpg
2026-01-18 18:44:53 [INFO]   [28/51] venous_arterial_ulcers_2_0028_c9eee44e.jpg
2026-01-18 18:44:55 [INFO]   ✓ Baixado: venous_arterial_ulcers_2_0028_c9eee44e.jpg
2026-01-18 18:44:55 [INFO]   [29/51] venous_arterial_ulcers_2_0029_f6f0d003.jpg
2026-01-18 18:44:57 [INFO]   ✓ Baixado: venous_arterial_ulcers_2_0029_f6f0d003.jpg
2026-01-18 18:44:57 [INFO]   [30/51] venous_arterial_ulcers_2_0030_1c9d696b.jpg
2026-01-18 18:44:59 [INFO]   ✓ Baixado: venous_arterial_ulcers_2_0030_1c9d696b.jpg
2026-01-18 18:44:59 [INFO]   [31/51] venous_arterial_ulcers_2_0031_9689de24.jpg
2026-01-18 18:45:01 [INFO]   ✓ Baixado: venous_arterial_ulcers_2_0031_9689de24.jpg
2026-01-18 18:45:01 [INFO]   [32/51] venous_arterial_ulcers_2_0032_fd0c2578.jpg
2026-01-18 18:45:03 [INFO]   ✓ Baixado: venous_arterial_ulcers_2_0032_fd0c2578.jpg
2026-01-18 18:45:03 [INFO]   [33/51] venous_arterial_ulcers_2_0033_d7099d41.jpg
2026-01-18 18:45:05 [INFO]   ✓ Baixado: venous_arterial_ulcers_2_0033_d7099d41.jpg
2026-01-18 18:45:05 [INFO]   [34/51] venous_arterial_ulcers_2_0034_cb9eb50b.jpg
2026-01-18 18:45:07 [INFO]   ✓ Baixado: venous_arterial_ulcers_2_0034_cb9eb50b.jpg
2026-01-18 18:45:07 [INFO]   [35/51] venous_arterial_ulcers_2_0035_a13802b0.jpg
2026-01-18 18:45:08 [INFO]   ✓ Baixado: venous_arterial_ulcers_2_0035_a13802b0.jpg
2026-01-18 18:45:08 [INFO]   [36/51] venous_arterial_ulcers_2_0036_95c4ece4.jpg
2026-01-18 18:45:10 [INFO]   ✓ Baixado: venous_arterial_ulcers_2_0036_95c4ece4.jpg
2026-01-18 18:45:10 [INFO]   [37/51] venous_arterial_ulcers_2_0037_f468d787.jpg
2026-01-18 18:45:12 [INFO]   ✓ Baixado: venous_arterial_ulcers_2_0037_f468d787.jpg
2026-01-18 18:45:12 [INFO]   [38/51] venous_arterial_ulcers_2_0038_2c0161b1.jpg
2026-01-18 18:45:14 [INFO]   ✓ Baixado: venous_arterial_ulcers_2_0038_2c0161b1.jpg
2026-01-18 18:45:14 [INFO]   [39/51] venous_arterial_ulcers_2_0039_495c5e78.jpg
2026-01-18 18:45:16 [INFO]   ✓ Baixado: venous_arterial_ulcers_2_0039_495c5e78.jpg
2026-01-18 18:45:16 [INFO]   [40/51] venous_arterial_ulcers_2_0040_e559e5e5.jpg
2026-01-18 18:45:18 [INFO]   ✓ Baixado: venous_arterial_ulcers_2_0040_e559e5e5.jpg
2026-01-18 18:45:18 [INFO]   [41/51] venous_arterial_ulcers_2_0041_338b8596.jpg
2026-01-18 18:45:20 [INFO]   ✓ Baixado: venous_arterial_ulcers_2_0041_338b8596.jpg
2026-01-18 18:45:20 [INFO]   [42/51] venous_arterial_ulcers_2_0042_caeda796.jpg
2026-01-18 18:45:21 [INFO]   ✓ Baixado: venous_arterial_ulcers_2_0042_caeda796.jpg
2026-01-18 18:45:21 [INFO]   [43/51] venous_arterial_ulcers_2_0043_e50f8c66.jpg
2026-01-18 18:45:23 [INFO]   ✓ Baixado: venous_arterial_ulcers_2_0043_e50f8c66.jpg
2026-01-18 18:45:23 [INFO]   [44/51] venous_arterial_ulcers_2_0044_aff52e5c.jpg
2026-01-18 18:45:25 [INFO]   ✓ Baixado: venous_arterial_ulcers_2_0044_aff52e5c.jpg
2026-01-18 18:45:25 [INFO]   [45/51] venous_arterial_ulcers_2_0045_2317ef14.jpg
2026-01-18 18:45:27 [INFO]   ✓ Baixado: venous_arterial_ulcers_2_0045_2317ef14.jpg
2026-01-18 18:45:27 [INFO]   [46/51] venous_arterial_ulcers_2_0046_5989b3a2.jpg
2026-01-18 18:45:29 [INFO]   ✓ Baixado: venous_arterial_ulcers_2_0046_5989b3a2.jpg
2026-01-18 18:45:29 [INFO]   [47/51] venous_arterial_ulcers_2_0047_de3f90cc.jpg
2026-01-18 18:45:31 [INFO]   ✓ Baixado: venous_arterial_ulcers_2_0047_de3f90cc.jpg
2026-01-18 18:45:31 [INFO]   [48/51] venous_arterial_ulcers_2_0048_9d98c2ff.jpg
2026-01-18 18:45:33 [INFO]   ✓ Baixado: venous_arterial_ulcers_2_0048_9d98c2ff.jpg
2026-01-18 18:45:33 [INFO]   [49/51] venous_arterial_ulcers_2_0049_d13c560b.jpg
2026-01-18 18:45:34 [INFO]   ✓ Baixado: venous_arterial_ulcers_2_0049_d13c560b.jpg
2026-01-18 18:45:34 [INFO]   [50/51] venous_arterial_ulcers_2_0050_4491ec18.jpg
2026-01-18 18:45:36 [INFO]   ✓ Baixado: venous_arterial_ulcers_2_0050_4491ec18.jpg
2026-01-18 18:45:36 [INFO]   [51/51] venous_arterial_ulcers_2_0051_1c01c523.jpg
2026-01-18 18:45:38 [INFO]   ✓ Baixado: venous_arterial_ulcers_2_0051_1c01c523.jpg
2026-01-18 18:45:38 [INFO] Categoria Venous Arterial Ulcers 2: 51/51 imagens
2026-01-18 18:45:38 [INFO] 
Baixando categoria: Malignant Wounds
2026-01-18 18:45:38 [INFO] Total de imagens: 9
2026-01-18 18:45:38 [INFO]   [1/9] malignant_wounds_0001_9e464a04.jpg
2026-01-18 18:45:40 [INFO]   ✓ Baixado: malignant_wounds_0001_9e464a04.jpg
2026-01-18 18:45:40 [INFO]   [2/9] malignant_wounds_0002_42f90c10.jpg
2026-01-18 18:45:42 [INFO]   ✓ Baixado: malignant_wounds_0002_42f90c10.jpg
2026-01-18 18:45:42 [INFO]   [3/9] malignant_wounds_0003_6d282073.jpg
2026-01-18 18:45:44 [INFO]   ✓ Baixado: malignant_wounds_0003_6d282073.jpg
2026-01-18 18:45:44 [INFO]   [4/9] malignant_wounds_0004_2f03b714.jpg
2026-01-18 18:45:46 [INFO]   ✓ Baixado: malignant_wounds_0004_2f03b714.jpg
2026-01-18 18:45:46 [INFO]   [5/9] malignant_wounds_0005_720a2169.jpg
2026-01-18 18:45:48 [INFO]   ✓ Baixado: malignant_wounds_0005_720a2169.jpg
2026-01-18 18:45:48 [INFO]   [6/9] malignant_wounds_0006_0c27605a.jpg
2026-01-18 18:45:49 [INFO]   ✓ Baixado: malignant_wounds_0006_0c27605a.jpg
2026-01-18 18:45:49 [INFO]   [7/9] malignant_wounds_0007_3cf60014.jpg
2026-01-18 18:45:51 [INFO]   ✓ Baixado: malignant_wounds_0007_3cf60014.jpg
2026-01-18 18:45:51 [INFO]   [8/9] malignant_wounds_0008_0c2acc15.jpg
2026-01-18 18:45:53 [INFO]   ✓ Baixado: malignant_wounds_0008_0c2acc15.jpg
2026-01-18 18:45:53 [INFO]   [9/9] malignant_wounds_0009_0ca990e1.jpg
2026-01-18 18:45:55 [INFO]   ✓ Baixado: malignant_wounds_0009_0ca990e1.jpg
2026-01-18 18:45:55 [INFO] Categoria Malignant Wounds: 9/9 imagens
2026-01-18 18:45:55 [INFO] 
Baixando categoria: Meningitis Wounds
2026-01-18 18:45:55 [INFO] Total de imagens: 25
2026-01-18 18:45:55 [INFO]   [1/25] meningitis_wounds_0001_54230f4b.jpg
2026-01-18 18:45:57 [INFO]   ✓ Baixado: meningitis_wounds_0001_54230f4b.jpg
2026-01-18 18:45:57 [INFO]   [2/25] meningitis_wounds_0002_e2d0b5b3.jpg
2026-01-18 18:45:59 [INFO]   ✓ Baixado: meningitis_wounds_0002_e2d0b5b3.jpg
2026-01-18 18:45:59 [INFO]   [3/25] meningitis_wounds_0003_d231be1f.jpg
2026-01-18 18:46:01 [INFO]   ✓ Baixado: meningitis_wounds_0003_d231be1f.jpg
2026-01-18 18:46:01 [INFO]   [4/25] meningitis_wounds_0004_7ea2c84c.jpg
2026-01-18 18:46:03 [INFO]   ✓ Baixado: meningitis_wounds_0004_7ea2c84c.jpg
2026-01-18 18:46:03 [INFO]   [5/25] meningitis_wounds_0005_bd1c734c.jpg
2026-01-18 18:46:05 [INFO]   ✓ Baixado: meningitis_wounds_0005_bd1c734c.jpg
2026-01-18 18:46:05 [INFO]   [6/25] meningitis_wounds_0006_346b6ee1.jpg
2026-01-18 18:46:07 [INFO]   ✓ Baixado: meningitis_wounds_0006_346b6ee1.jpg
2026-01-18 18:46:07 [INFO]   [7/25] meningitis_wounds_0007_72ebfc87.jpg
2026-01-18 18:46:09 [INFO]   ✓ Baixado: meningitis_wounds_0007_72ebfc87.jpg
2026-01-18 18:46:09 [INFO]   [8/25] meningitis_wounds_0008_cae83f8f.jpg
2026-01-18 18:46:10 [INFO]   ✓ Baixado: meningitis_wounds_0008_cae83f8f.jpg
2026-01-18 18:46:10 [INFO]   [9/25] meningitis_wounds_0009_4914e8a5.jpg
2026-01-18 18:46:12 [INFO]   ✓ Baixado: meningitis_wounds_0009_4914e8a5.jpg
2026-01-18 18:46:12 [INFO]   [10/25] meningitis_wounds_0010_fe1c0e76.jpg
2026-01-18 18:46:14 [INFO]   ✓ Baixado: meningitis_wounds_0010_fe1c0e76.jpg
2026-01-18 18:46:14 [INFO]   [11/25] meningitis_wounds_0011_a2f07be4.jpg
2026-01-18 18:46:16 [INFO]   ✓ Baixado: meningitis_wounds_0011_a2f07be4.jpg
2026-01-18 18:46:16 [INFO]   [12/25] meningitis_wounds_0012_8cc3f5b7.jpg
2026-01-18 18:46:18 [INFO]   ✓ Baixado: meningitis_wounds_0012_8cc3f5b7.jpg
2026-01-18 18:46:18 [INFO]   [13/25] meningitis_wounds_0013_7ab154f7.jpg
2026-01-18 18:46:20 [INFO]   ✓ Baixado: meningitis_wounds_0013_7ab154f7.jpg
2026-01-18 18:46:20 [INFO]   [14/25] meningitis_wounds_0014_31b45c08.jpg
2026-01-18 18:46:22 [INFO]   ✓ Baixado: meningitis_wounds_0014_31b45c08.jpg
2026-01-18 18:46:22 [INFO]   [15/25] meningitis_wounds_0015_478be805.jpg
2026-01-18 18:46:23 [INFO]   ✓ Baixado: meningitis_wounds_0015_478be805.jpg
2026-01-18 18:46:23 [INFO]   [16/25] meningitis_wounds_0016_fd24f149.jpg
2026-01-18 18:46:25 [INFO]   ✓ Baixado: meningitis_wounds_0016_fd24f149.jpg
2026-01-18 18:46:25 [INFO]   [17/25] meningitis_wounds_0017_540d302b.jpg
2026-01-18 18:46:28 [INFO]   ✓ Baixado: meningitis_wounds_0017_540d302b.jpg
2026-01-18 18:46:28 [INFO]   [18/25] meningitis_wounds_0018_3fc78813.jpg
2026-01-18 18:46:30 [INFO]   ✓ Baixado: meningitis_wounds_0018_3fc78813.jpg
2026-01-18 18:46:30 [INFO]   [19/25] meningitis_wounds_0019_a16055ed.jpg
2026-01-18 18:46:32 [INFO]   ✓ Baixado: meningitis_wounds_0019_a16055ed.jpg
2026-01-18 18:46:32 [INFO]   [20/25] meningitis_wounds_0020_9cbf2c49.jpg
2026-01-18 18:46:33 [INFO]   ✓ Baixado: meningitis_wounds_0020_9cbf2c49.jpg
2026-01-18 18:46:33 [INFO]   [21/25] meningitis_wounds_0021_13dd0f46.jpg
2026-01-18 18:46:35 [INFO]   ✓ Baixado: meningitis_wounds_0021_13dd0f46.jpg
2026-01-18 18:46:35 [INFO]   [22/25] meningitis_wounds_0022_18dff095.jpg
2026-01-18 18:46:37 [INFO]   ✓ Baixado: meningitis_wounds_0022_18dff095.jpg
2026-01-18 18:46:37 [INFO]   [23/25] meningitis_wounds_0023_267c4889.jpg
2026-01-18 18:46:39 [INFO]   ✓ Baixado: meningitis_wounds_0023_267c4889.jpg
2026-01-18 18:46:39 [INFO]   [24/25] meningitis_wounds_0024_5697d0b8.jpg
2026-01-18 18:46:41 [INFO]   ✓ Baixado: meningitis_wounds_0024_5697d0b8.jpg
2026-01-18 18:46:41 [INFO]   [25/25] meningitis_wounds_0025_2602089d.jpg
2026-01-18 18:46:43 [INFO]   ✓ Baixado: meningitis_wounds_0025_2602089d.jpg
2026-01-18 18:46:43 [INFO] Categoria Meningitis Wounds: 25/25 imagens
2026-01-18 18:46:43 [INFO] 
Baixando categoria: Orthopaedic Wounds
2026-01-18 18:46:43 [INFO] Total de imagens: 50
2026-01-18 18:46:43 [INFO]   [1/50] orthopaedic_wounds_0001_a96e447f.jpg
2026-01-18 18:46:45 [INFO]   ✓ Baixado: orthopaedic_wounds_0001_a96e447f.jpg
2026-01-18 18:46:45 [INFO]   [2/50] orthopaedic_wounds_0002_fc0bdf4b.jpg
2026-01-18 18:46:47 [INFO]   ✓ Baixado: orthopaedic_wounds_0002_fc0bdf4b.jpg
2026-01-18 18:46:47 [INFO]   [3/50] orthopaedic_wounds_0003_76b3f94e.jpg
2026-01-18 18:46:49 [INFO]   ✓ Baixado: orthopaedic_wounds_0003_76b3f94e.jpg
2026-01-18 18:46:49 [INFO]   [4/50] orthopaedic_wounds_0004_d49ab10d.jpg
2026-01-18 18:46:50 [INFO]   ✓ Baixado: orthopaedic_wounds_0004_d49ab10d.jpg
2026-01-18 18:46:50 [INFO]   [5/50] orthopaedic_wounds_0005_d2cd71ed.jpg
2026-01-18 18:46:52 [INFO]   ✓ Baixado: orthopaedic_wounds_0005_d2cd71ed.jpg
2026-01-18 18:46:52 [INFO]   [6/50] orthopaedic_wounds_0006_2346e16f.jpg
2026-01-18 18:46:54 [INFO]   ✓ Baixado: orthopaedic_wounds_0006_2346e16f.jpg
2026-01-18 18:46:54 [INFO]   [7/50] orthopaedic_wounds_0007_375971ed.jpg
2026-01-18 18:46:56 [INFO]   ✓ Baixado: orthopaedic_wounds_0007_375971ed.jpg
2026-01-18 18:46:56 [INFO]   [8/50] orthopaedic_wounds_0008_a5c6fcb5.jpg
2026-01-18 18:46:58 [INFO]   ✓ Baixado: orthopaedic_wounds_0008_a5c6fcb5.jpg
2026-01-18 18:46:58 [INFO]   [9/50] orthopaedic_wounds_0009_c44fbd16.jpg
2026-01-18 18:47:00 [INFO]   ✓ Baixado: orthopaedic_wounds_0009_c44fbd16.jpg
2026-01-18 18:47:00 [INFO]   [10/50] orthopaedic_wounds_0010_585081d0.jpg
2026-01-18 18:47:02 [INFO]   ✓ Baixado: orthopaedic_wounds_0010_585081d0.jpg
2026-01-18 18:47:02 [INFO]   [11/50] orthopaedic_wounds_0011_80ebf3ec.jpg
2026-01-18 18:47:04 [INFO]   ✓ Baixado: orthopaedic_wounds_0011_80ebf3ec.jpg
2026-01-18 18:47:04 [INFO]   [12/50] orthopaedic_wounds_0012_af593a2b.jpg
2026-01-18 18:47:05 [INFO]   ✓ Baixado: orthopaedic_wounds_0012_af593a2b.jpg
2026-01-18 18:47:05 [INFO]   [13/50] orthopaedic_wounds_0013_2a2fc3b5.jpg
2026-01-18 18:47:07 [INFO]   ✓ Baixado: orthopaedic_wounds_0013_2a2fc3b5.jpg
2026-01-18 18:47:07 [INFO]   [14/50] orthopaedic_wounds_0014_5efcbbbf.jpg
2026-01-18 18:47:09 [INFO]   ✓ Baixado: orthopaedic_wounds_0014_5efcbbbf.jpg
2026-01-18 18:47:09 [INFO]   [15/50] orthopaedic_wounds_0015_02d2bd0f.jpg
2026-01-18 18:47:11 [INFO]   ✓ Baixado: orthopaedic_wounds_0015_02d2bd0f.jpg
2026-01-18 18:47:11 [INFO]   [16/50] orthopaedic_wounds_0016_1abdaa27.jpg
2026-01-18 18:47:13 [INFO]   ✓ Baixado: orthopaedic_wounds_0016_1abdaa27.jpg
2026-01-18 18:47:13 [INFO]   [17/50] orthopaedic_wounds_0017_ec364250.jpg
2026-01-18 18:47:15 [INFO]   ✓ Baixado: orthopaedic_wounds_0017_ec364250.jpg
2026-01-18 18:47:15 [INFO]   [18/50] orthopaedic_wounds_0018_e3031ed1.jpg
2026-01-18 18:47:17 [INFO]   ✓ Baixado: orthopaedic_wounds_0018_e3031ed1.jpg
2026-01-18 18:47:17 [INFO]   [19/50] orthopaedic_wounds_0019_4985886b.jpg
2026-01-18 18:47:19 [INFO]   ✓ Baixado: orthopaedic_wounds_0019_4985886b.jpg
2026-01-18 18:47:19 [INFO]   [20/50] orthopaedic_wounds_0020_7e4f2e6f.jpg
2026-01-18 18:47:20 [INFO]   ✓ Baixado: orthopaedic_wounds_0020_7e4f2e6f.jpg
2026-01-18 18:47:20 [INFO]   [21/50] orthopaedic_wounds_0021_4f2362c8.jpg
2026-01-18 18:47:22 [INFO]   ✓ Baixado: orthopaedic_wounds_0021_4f2362c8.jpg
2026-01-18 18:47:22 [INFO]   [22/50] orthopaedic_wounds_0022_d909d7a5.jpg
2026-01-18 18:47:24 [INFO]   ✓ Baixado: orthopaedic_wounds_0022_d909d7a5.jpg
2026-01-18 18:47:24 [INFO]   [23/50] orthopaedic_wounds_0023_14cf4414.jpg
2026-01-18 18:47:26 [INFO]   ✓ Baixado: orthopaedic_wounds_0023_14cf4414.jpg
2026-01-18 18:47:26 [INFO]   [24/50] orthopaedic_wounds_0024_e16c16da.jpg
2026-01-18 18:47:28 [INFO]   ✓ Baixado: orthopaedic_wounds_0024_e16c16da.jpg
2026-01-18 18:47:28 [INFO]   [25/50] orthopaedic_wounds_0025_c4f72735.jpg
2026-01-18 18:47:30 [INFO]   ✓ Baixado: orthopaedic_wounds_0025_c4f72735.jpg
2026-01-18 18:47:30 [INFO]   [26/50] orthopaedic_wounds_0026_3a06c930.jpg
2026-01-18 18:47:32 [INFO]   ✓ Baixado: orthopaedic_wounds_0026_3a06c930.jpg
2026-01-18 18:47:32 [INFO]   [27/50] orthopaedic_wounds_0027_b30eaccf.jpg
2026-01-18 18:47:33 [INFO]   ✓ Baixado: orthopaedic_wounds_0027_b30eaccf.jpg
2026-01-18 18:47:33 [INFO]   [28/50] orthopaedic_wounds_0028_b6113dc1.jpg
2026-01-18 18:47:35 [INFO]   ✓ Baixado: orthopaedic_wounds_0028_b6113dc1.jpg
2026-01-18 18:47:35 [INFO]   [29/50] orthopaedic_wounds_0029_bff742d9.jpg
2026-01-18 18:47:37 [INFO]   ✓ Baixado: orthopaedic_wounds_0029_bff742d9.jpg
2026-01-18 18:47:37 [INFO]   [30/50] orthopaedic_wounds_0030_367178a8.jpg
2026-01-18 18:47:39 [INFO]   ✓ Baixado: orthopaedic_wounds_0030_367178a8.jpg
2026-01-18 18:47:39 [INFO]   [31/50] orthopaedic_wounds_0031_add84446.jpg
2026-01-18 18:47:41 [INFO]   ✓ Baixado: orthopaedic_wounds_0031_add84446.jpg
2026-01-18 18:47:41 [INFO]   [32/50] orthopaedic_wounds_0032_034f550f.jpg
2026-01-18 18:47:43 [INFO]   ✓ Baixado: orthopaedic_wounds_0032_034f550f.jpg
2026-01-18 18:47:43 [INFO]   [33/50] orthopaedic_wounds_0033_5742d97e.jpg
2026-01-18 18:47:45 [INFO]   ✓ Baixado: orthopaedic_wounds_0033_5742d97e.jpg
2026-01-18 18:47:45 [INFO]   [34/50] orthopaedic_wounds_0034_1d81a4db.jpg
2026-01-18 18:47:47 [INFO]   ✓ Baixado: orthopaedic_wounds_0034_1d81a4db.jpg
2026-01-18 18:47:47 [INFO]   [35/50] orthopaedic_wounds_0035_4e56fcfd.jpg
2026-01-18 18:47:48 [INFO]   ✓ Baixado: orthopaedic_wounds_0035_4e56fcfd.jpg
2026-01-18 18:47:48 [INFO]   [36/50] orthopaedic_wounds_0036_39cb22f3.jpg
2026-01-18 18:47:50 [INFO]   ✓ Baixado: orthopaedic_wounds_0036_39cb22f3.jpg
2026-01-18 18:47:50 [INFO]   [37/50] orthopaedic_wounds_0037_5df068bd.jpg
2026-01-18 18:47:52 [INFO]   ✓ Baixado: orthopaedic_wounds_0037_5df068bd.jpg
2026-01-18 18:47:52 [INFO]   [38/50] orthopaedic_wounds_0038_4401245d.jpg
2026-01-18 18:47:54 [INFO]   ✓ Baixado: orthopaedic_wounds_0038_4401245d.jpg
2026-01-18 18:47:54 [INFO]   [39/50] orthopaedic_wounds_0039_7df51cd7.jpg
2026-01-18 18:47:56 [INFO]   ✓ Baixado: orthopaedic_wounds_0039_7df51cd7.jpg
2026-01-18 18:47:56 [INFO]   [40/50] orthopaedic_wounds_0040_1edb6ea0.jpg
2026-01-18 18:47:58 [INFO]   ✓ Baixado: orthopaedic_wounds_0040_1edb6ea0.jpg
2026-01-18 18:47:58 [INFO]   [41/50] orthopaedic_wounds_0041_0770af4c.jpg
2026-01-18 18:48:00 [INFO]   ✓ Baixado: orthopaedic_wounds_0041_0770af4c.jpg
2026-01-18 18:48:00 [INFO]   [42/50] orthopaedic_wounds_0042_f264d0f1.jpg
2026-01-18 18:48:02 [INFO]   ✓ Baixado: orthopaedic_wounds_0042_f264d0f1.jpg
2026-01-18 18:48:02 [INFO]   [43/50] orthopaedic_wounds_0043_bcb3e5bd.jpg
2026-01-18 18:48:04 [INFO]   ✓ Baixado: orthopaedic_wounds_0043_bcb3e5bd.jpg
2026-01-18 18:48:04 [INFO]   [44/50] orthopaedic_wounds_0044_2176d9c1.jpg
2026-01-18 18:48:06 [INFO]   ✓ Baixado: orthopaedic_wounds_0044_2176d9c1.jpg
2026-01-18 18:48:06 [INFO]   [45/50] orthopaedic_wounds_0045_e12cb022.jpg
2026-01-18 18:48:08 [INFO]   ✓ Baixado: orthopaedic_wounds_0045_e12cb022.jpg
2026-01-18 18:48:08 [INFO]   [46/50] orthopaedic_wounds_0046_b7ab0390.jpg
2026-01-18 18:48:09 [INFO]   ✓ Baixado: orthopaedic_wounds_0046_b7ab0390.jpg
2026-01-18 18:48:09 [INFO]   [47/50] orthopaedic_wounds_0047_1556887f.jpg
2026-01-18 18:48:11 [INFO]   ✓ Baixado: orthopaedic_wounds_0047_1556887f.jpg
2026-01-18 18:48:11 [INFO]   [48/50] orthopaedic_wounds_0048_52ebe5bf.jpg
2026-01-18 18:48:13 [INFO]   ✓ Baixado: orthopaedic_wounds_0048_52ebe5bf.jpg
2026-01-18 18:48:13 [INFO]   [49/50] orthopaedic_wounds_0049_d6afeda6.jpg
2026-01-18 18:48:15 [INFO]   ✓ Baixado: orthopaedic_wounds_0049_d6afeda6.jpg
2026-01-18 18:48:15 [INFO]   [50/50] orthopaedic_wounds_0050_8898da52.jpg
2026-01-18 18:48:17 [INFO]   ✓ Baixado: orthopaedic_wounds_0050_8898da52.jpg
2026-01-18 18:48:17 [INFO] Categoria Orthopaedic Wounds: 50/50 imagens
2026-01-18 18:48:17 [INFO] 
Baixando categoria: Miscellaneous Wounds
2026-01-18 18:48:17 [INFO] Total de imagens: 57
2026-01-18 18:48:17 [INFO]   [1/57] miscellaneous_wounds_0001_7c622784.jpg
2026-01-18 18:48:19 [INFO]   ✓ Baixado: miscellaneous_wounds_0001_7c622784.jpg
2026-01-18 18:48:19 [INFO]   [2/57] miscellaneous_wounds_0002_5fbf0033.jpg
2026-01-18 18:48:21 [INFO]   ✓ Baixado: miscellaneous_wounds_0002_5fbf0033.jpg
2026-01-18 18:48:21 [INFO]   [3/57] miscellaneous_wounds_0003_f1f63e17.jpg
2026-01-18 18:48:23 [INFO]   ✓ Baixado: miscellaneous_wounds_0003_f1f63e17.jpg
2026-01-18 18:48:23 [INFO]   [4/57] miscellaneous_wounds_0004_77ba3c0e.jpg
2026-01-18 18:48:25 [INFO]   ✓ Baixado: miscellaneous_wounds_0004_77ba3c0e.jpg
2026-01-18 18:48:25 [INFO]   [5/57] miscellaneous_wounds_0005_ebacc6e4.jpg
2026-01-18 18:48:26 [INFO]   ✓ Baixado: miscellaneous_wounds_0005_ebacc6e4.jpg
2026-01-18 18:48:26 [INFO]   [6/57] miscellaneous_wounds_0006_c7a4018a.jpg
2026-01-18 18:48:28 [INFO]   ✓ Baixado: miscellaneous_wounds_0006_c7a4018a.jpg
2026-01-18 18:48:28 [INFO]   [7/57] miscellaneous_wounds_0007_037cd2d2.jpg
2026-01-18 18:48:30 [INFO]   ✓ Baixado: miscellaneous_wounds_0007_037cd2d2.jpg
2026-01-18 18:48:30 [INFO]   [8/57] miscellaneous_wounds_0008_1a912226.jpg
2026-01-18 18:48:32 [INFO]   ✓ Baixado: miscellaneous_wounds_0008_1a912226.jpg
2026-01-18 18:48:32 [INFO]   [9/57] miscellaneous_wounds_0009_e7f6c891.jpg
2026-01-18 18:48:34 [INFO]   ✓ Baixado: miscellaneous_wounds_0009_e7f6c891.jpg
2026-01-18 18:48:34 [INFO]   [10/57] miscellaneous_wounds_0010_5dac5d3e.jpg
2026-01-18 18:48:36 [INFO]   ✓ Baixado: miscellaneous_wounds_0010_5dac5d3e.jpg
2026-01-18 18:48:36 [INFO]   [11/57] miscellaneous_wounds_0011_e92153b8.jpg
2026-01-18 18:48:38 [INFO]   ✓ Baixado: miscellaneous_wounds_0011_e92153b8.jpg
2026-01-18 18:48:38 [INFO]   [12/57] miscellaneous_wounds_0012_a5e15e4c.jpg
2026-01-18 18:48:39 [INFO]   ✓ Baixado: miscellaneous_wounds_0012_a5e15e4c.jpg
2026-01-18 18:48:39 [INFO]   [13/57] miscellaneous_wounds_0013_0a8bebaa.jpg
2026-01-18 18:48:41 [INFO]   ✓ Baixado: miscellaneous_wounds_0013_0a8bebaa.jpg
2026-01-18 18:48:41 [INFO]   [14/57] miscellaneous_wounds_0014_37f1bc11.jpg
2026-01-18 18:48:43 [INFO]   ✓ Baixado: miscellaneous_wounds_0014_37f1bc11.jpg
2026-01-18 18:48:43 [INFO]   [15/57] miscellaneous_wounds_0015_144cbc1b.jpg
2026-01-18 18:48:45 [INFO]   ✓ Baixado: miscellaneous_wounds_0015_144cbc1b.jpg
2026-01-18 18:48:45 [INFO]   [16/57] miscellaneous_wounds_0016_dcaec25a.jpg
2026-01-18 18:48:47 [INFO]   ✓ Baixado: miscellaneous_wounds_0016_dcaec25a.jpg
2026-01-18 18:48:47 [INFO]   [17/57] miscellaneous_wounds_0017_a602aba6.jpg
2026-01-18 18:48:49 [INFO]   ✓ Baixado: miscellaneous_wounds_0017_a602aba6.jpg
2026-01-18 18:48:49 [INFO]   [18/57] miscellaneous_wounds_0018_404467e2.jpg
2026-01-18 18:48:51 [INFO]   ✓ Baixado: miscellaneous_wounds_0018_404467e2.jpg
2026-01-18 18:48:51 [INFO]   [19/57] miscellaneous_wounds_0019_63355c9e.jpg
2026-01-18 18:48:53 [INFO]   ✓ Baixado: miscellaneous_wounds_0019_63355c9e.jpg
2026-01-18 18:48:53 [INFO]   [20/57] miscellaneous_wounds_0020_84f25aea.jpg
2026-01-18 18:48:54 [INFO]   ✓ Baixado: miscellaneous_wounds_0020_84f25aea.jpg
2026-01-18 18:48:54 [INFO]   [21/57] miscellaneous_wounds_0021_a02fd1a8.jpg
2026-01-18 18:48:56 [INFO]   ✓ Baixado: miscellaneous_wounds_0021_a02fd1a8.jpg
2026-01-18 18:48:56 [INFO]   [22/57] miscellaneous_wounds_0022_73a2a1c5.jpg
2026-01-18 18:48:58 [INFO]   ✓ Baixado: miscellaneous_wounds_0022_73a2a1c5.jpg
2026-01-18 18:48:58 [INFO]   [23/57] miscellaneous_wounds_0023_233520fc.jpg
2026-01-18 18:49:00 [INFO]   ✓ Baixado: miscellaneous_wounds_0023_233520fc.jpg
2026-01-18 18:49:00 [INFO]   [24/57] miscellaneous_wounds_0024_2d1b0ba5.jpg
2026-01-18 18:49:02 [INFO]   ✓ Baixado: miscellaneous_wounds_0024_2d1b0ba5.jpg
2026-01-18 18:49:02 [INFO]   [25/57] miscellaneous_wounds_0025_95d918f6.jpg
2026-01-18 18:49:04 [INFO]   ✓ Baixado: miscellaneous_wounds_0025_95d918f6.jpg
2026-01-18 18:49:04 [INFO]   [26/57] miscellaneous_wounds_0026_35d8538f.jpg
2026-01-18 18:49:06 [INFO]   ✓ Baixado: miscellaneous_wounds_0026_35d8538f.jpg
2026-01-18 18:49:06 [INFO]   [27/57] miscellaneous_wounds_0027_e5f7937e.jpg
2026-01-18 18:49:08 [INFO]   ✓ Baixado: miscellaneous_wounds_0027_e5f7937e.jpg
2026-01-18 18:49:08 [INFO]   [28/57] miscellaneous_wounds_0028_b6300bf5.jpg
2026-01-18 18:49:10 [INFO]   ✓ Baixado: miscellaneous_wounds_0028_b6300bf5.jpg
2026-01-18 18:49:10 [INFO]   [29/57] miscellaneous_wounds_0029_2adece9d.jpg
2026-01-18 18:49:11 [INFO]   ✓ Baixado: miscellaneous_wounds_0029_2adece9d.jpg
2026-01-18 18:49:11 [INFO]   [30/57] miscellaneous_wounds_0030_3fa0277b.jpg
2026-01-18 18:49:13 [INFO]   ✓ Baixado: miscellaneous_wounds_0030_3fa0277b.jpg
2026-01-18 18:49:13 [INFO]   [31/57] miscellaneous_wounds_0031_58ab398b.jpg
2026-01-18 18:49:15 [INFO]   ✓ Baixado: miscellaneous_wounds_0031_58ab398b.jpg
2026-01-18 18:49:15 [INFO]   [32/57] miscellaneous_wounds_0032_70915580.jpg
2026-01-18 18:49:17 [INFO]   ✓ Baixado: miscellaneous_wounds_0032_70915580.jpg
2026-01-18 18:49:17 [INFO]   [33/57] miscellaneous_wounds_0033_8461e3dd.jpg
2026-01-18 18:49:19 [INFO]   ✓ Baixado: miscellaneous_wounds_0033_8461e3dd.jpg
2026-01-18 18:49:19 [INFO]   [34/57] miscellaneous_wounds_0034_73987c62.jpg
2026-01-18 18:49:21 [INFO]   ✓ Baixado: miscellaneous_wounds_0034_73987c62.jpg
2026-01-18 18:49:21 [INFO]   [35/57] miscellaneous_wounds_0035_19c3bb92.jpg
2026-01-18 18:49:23 [INFO]   ✓ Baixado: miscellaneous_wounds_0035_19c3bb92.jpg
2026-01-18 18:49:23 [INFO]   [36/57] miscellaneous_wounds_0036_da21a5ad.jpg
2026-01-18 18:49:24 [INFO]   ✓ Baixado: miscellaneous_wounds_0036_da21a5ad.jpg
2026-01-18 18:49:24 [INFO]   [37/57] miscellaneous_wounds_0037_5cd52e0f.jpg
2026-01-18 18:49:26 [INFO]   ✓ Baixado: miscellaneous_wounds_0037_5cd52e0f.jpg
2026-01-18 18:49:26 [INFO]   [38/57] miscellaneous_wounds_0038_30a3a9fe.jpg
2026-01-18 18:49:28 [INFO]   ✓ Baixado: miscellaneous_wounds_0038_30a3a9fe.jpg
2026-01-18 18:49:28 [INFO]   [39/57] miscellaneous_wounds_0039_9a50b972.jpg
2026-01-18 18:49:30 [INFO]   ✓ Baixado: miscellaneous_wounds_0039_9a50b972.jpg
2026-01-18 18:49:30 [INFO]   [40/57] miscellaneous_wounds_0040_39d517e6.jpg
2026-01-18 18:49:32 [INFO]   ✓ Baixado: miscellaneous_wounds_0040_39d517e6.jpg
2026-01-18 18:49:32 [INFO]   [41/57] miscellaneous_wounds_0041_a44d50af.jpg
2026-01-18 18:49:34 [INFO]   ✓ Baixado: miscellaneous_wounds_0041_a44d50af.jpg
2026-01-18 18:49:34 [INFO]   [42/57] miscellaneous_wounds_0042_52ebb47b.jpg
2026-01-18 18:49:36 [INFO]   ✓ Baixado: miscellaneous_wounds_0042_52ebb47b.jpg
2026-01-18 18:49:36 [INFO]   [43/57] miscellaneous_wounds_0043_9437b22f.jpg
2026-01-18 18:49:38 [INFO]   ✓ Baixado: miscellaneous_wounds_0043_9437b22f.jpg
2026-01-18 18:49:38 [INFO]   [44/57] miscellaneous_wounds_0044_eb53fda2.jpg
2026-01-18 18:49:39 [INFO]   ✓ Baixado: miscellaneous_wounds_0044_eb53fda2.jpg
2026-01-18 18:49:39 [INFO]   [45/57] miscellaneous_wounds_0045_cecc6d1f.jpg
2026-01-18 18:49:41 [INFO]   ✓ Baixado: miscellaneous_wounds_0045_cecc6d1f.jpg
2026-01-18 18:49:41 [INFO]   [46/57] miscellaneous_wounds_0046_0807af9c.jpg
2026-01-18 18:49:43 [INFO]   ✓ Baixado: miscellaneous_wounds_0046_0807af9c.jpg
2026-01-18 18:49:43 [INFO]   [47/57] miscellaneous_wounds_0047_bf3b50f2.jpg
2026-01-18 18:49:45 [INFO]   ✓ Baixado: miscellaneous_wounds_0047_bf3b50f2.jpg
2026-01-18 18:49:45 [INFO]   [48/57] miscellaneous_wounds_0048_747519f7.jpg
2026-01-18 18:49:47 [INFO]   ✓ Baixado: miscellaneous_wounds_0048_747519f7.jpg
2026-01-18 18:49:47 [INFO]   [49/57] miscellaneous_wounds_0049_01b13e8b.jpg
2026-01-18 18:49:49 [INFO]   ✓ Baixado: miscellaneous_wounds_0049_01b13e8b.jpg
2026-01-18 18:49:49 [INFO]   [50/57] miscellaneous_wounds_0050_5a93fcd5.jpg
2026-01-18 18:49:51 [INFO]   ✓ Baixado: miscellaneous_wounds_0050_5a93fcd5.jpg
2026-01-18 18:49:51 [INFO]   [51/57] miscellaneous_wounds_0051_5a8eb006.jpg
2026-01-18 18:49:53 [INFO]   ✓ Baixado: miscellaneous_wounds_0051_5a8eb006.jpg
2026-01-18 18:49:53 [INFO]   [52/57] miscellaneous_wounds_0052_db111347.jpg
2026-01-18 18:49:55 [INFO]   ✓ Baixado: miscellaneous_wounds_0052_db111347.jpg
2026-01-18 18:49:55 [INFO]   [53/57] miscellaneous_wounds_0053_5e1cb20e.jpg
2026-01-18 18:49:57 [INFO]   ✓ Baixado: miscellaneous_wounds_0053_5e1cb20e.jpg
2026-01-18 18:49:57 [INFO]   [54/57] miscellaneous_wounds_0054_a44ac78c.jpg
2026-01-18 18:49:58 [INFO]   ✓ Baixado: miscellaneous_wounds_0054_a44ac78c.jpg
2026-01-18 18:49:58 [INFO]   [55/57] miscellaneous_wounds_0055_e7a0bd4a.jpg
2026-01-18 18:50:00 [INFO]   ✓ Baixado: miscellaneous_wounds_0055_e7a0bd4a.jpg
2026-01-18 18:50:00 [INFO]   [56/57] miscellaneous_wounds_0056_4ab24d03.jpg
2026-01-18 18:50:02 [INFO]   ✓ Baixado: miscellaneous_wounds_0056_4ab24d03.jpg
2026-01-18 18:50:02 [INFO]   [57/57] miscellaneous_wounds_0057_907ccc40.jpg
2026-01-18 18:50:04 [INFO]   ✓ Baixado: miscellaneous_wounds_0057_907ccc40.jpg
2026-01-18 18:50:04 [INFO] Categoria Miscellaneous Wounds: 57/57 imagens
2026-01-18 18:50:04 [INFO] 
Baixando categoria: Pressure Ulcers 1
2026-01-18 18:50:04 [INFO] Total de imagens: 102
2026-01-18 18:50:04 [INFO]   [1/102] pressure_ulcers_1_0001_f0a52596.jpg
2026-01-18 18:50:06 [INFO]   ✓ Baixado: pressure_ulcers_1_0001_f0a52596.jpg
2026-01-18 18:50:06 [INFO]   [2/102] pressure_ulcers_1_0002_22f20575.jpg
2026-01-18 18:50:08 [INFO]   ✓ Baixado: pressure_ulcers_1_0002_22f20575.jpg
2026-01-18 18:50:08 [INFO]   [3/102] pressure_ulcers_1_0003_3b4c4409.jpg
2026-01-18 18:50:10 [INFO]   ✓ Baixado: pressure_ulcers_1_0003_3b4c4409.jpg
2026-01-18 18:50:10 [INFO]   [4/102] pressure_ulcers_1_0004_87fb3f06.jpg
2026-01-18 18:50:12 [INFO]   ✓ Baixado: pressure_ulcers_1_0004_87fb3f06.jpg
2026-01-18 18:50:12 [INFO]   [5/102] pressure_ulcers_1_0005_d1d14fd7.jpg
2026-01-18 18:50:13 [INFO]   ✓ Baixado: pressure_ulcers_1_0005_d1d14fd7.jpg
2026-01-18 18:50:13 [INFO]   [6/102] pressure_ulcers_1_0006_297bdb27.jpg
2026-01-18 18:50:16 [INFO]   ✓ Baixado: pressure_ulcers_1_0006_297bdb27.jpg
2026-01-18 18:50:16 [INFO]   [7/102] pressure_ulcers_1_0007_07979a6b.jpg
2026-01-18 18:50:17 [INFO]   ✓ Baixado: pressure_ulcers_1_0007_07979a6b.jpg
2026-01-18 18:50:17 [INFO]   [8/102] pressure_ulcers_1_0008_16e8850e.jpg
2026-01-18 18:50:19 [INFO]   ✓ Baixado: pressure_ulcers_1_0008_16e8850e.jpg
2026-01-18 18:50:19 [INFO]   [9/102] pressure_ulcers_1_0009_3b25f38b.jpg
2026-01-18 18:50:21 [INFO]   ✓ Baixado: pressure_ulcers_1_0009_3b25f38b.jpg
2026-01-18 18:50:21 [INFO]   [10/102] pressure_ulcers_1_0010_3739bc7b.jpg
2026-01-18 18:50:23 [INFO]   ✓ Baixado: pressure_ulcers_1_0010_3739bc7b.jpg
2026-01-18 18:50:23 [INFO]   [11/102] pressure_ulcers_1_0011_3d0bb966.jpg
2026-01-18 18:50:25 [INFO]   ✓ Baixado: pressure_ulcers_1_0011_3d0bb966.jpg
2026-01-18 18:50:25 [INFO]   [12/102] pressure_ulcers_1_0012_4ef5f7ab.jpg
2026-01-18 18:50:27 [INFO]   ✓ Baixado: pressure_ulcers_1_0012_4ef5f7ab.jpg
2026-01-18 18:50:27 [INFO]   [13/102] pressure_ulcers_1_0013_9ca42236.jpg
2026-01-18 18:50:29 [INFO]   ✓ Baixado: pressure_ulcers_1_0013_9ca42236.jpg
2026-01-18 18:50:29 [INFO]   [14/102] pressure_ulcers_1_0014_79b092fb.jpg
2026-01-18 18:50:31 [INFO]   ✓ Baixado: pressure_ulcers_1_0014_79b092fb.jpg
2026-01-18 18:50:31 [INFO]   [15/102] pressure_ulcers_1_0015_efeff97e.jpg
2026-01-18 18:50:33 [INFO]   ✓ Baixado: pressure_ulcers_1_0015_efeff97e.jpg
2026-01-18 18:50:33 [INFO]   [16/102] pressure_ulcers_1_0016_336f9b83.jpg
2026-01-18 18:50:34 [INFO]   ✓ Baixado: pressure_ulcers_1_0016_336f9b83.jpg
2026-01-18 18:50:34 [INFO]   [17/102] pressure_ulcers_1_0017_447c0ccb.jpg
2026-01-18 18:50:36 [INFO]   ✓ Baixado: pressure_ulcers_1_0017_447c0ccb.jpg
2026-01-18 18:50:36 [INFO]   [18/102] pressure_ulcers_1_0018_8aad28a5.jpg
2026-01-18 18:50:39 [INFO]   ✓ Baixado: pressure_ulcers_1_0018_8aad28a5.jpg
2026-01-18 18:50:39 [INFO]   [19/102] pressure_ulcers_1_0019_2fc8207a.jpg
2026-01-18 18:50:40 [INFO]   ✓ Baixado: pressure_ulcers_1_0019_2fc8207a.jpg
2026-01-18 18:50:40 [INFO]   [20/102] pressure_ulcers_1_0020_a77946e7.jpg
2026-01-18 18:50:42 [INFO]   ✓ Baixado: pressure_ulcers_1_0020_a77946e7.jpg
2026-01-18 18:50:42 [INFO]   [21/102] pressure_ulcers_1_0021_c18225af.jpg
2026-01-18 18:50:44 [INFO]   ✓ Baixado: pressure_ulcers_1_0021_c18225af.jpg
2026-01-18 18:50:44 [INFO]   [22/102] pressure_ulcers_1_0022_c5826bfb.jpg
2026-01-18 18:50:46 [INFO]   ✓ Baixado: pressure_ulcers_1_0022_c5826bfb.jpg
2026-01-18 18:50:46 [INFO]   [23/102] pressure_ulcers_1_0023_ae93aef5.jpg
2026-01-18 18:50:48 [INFO]   ✓ Baixado: pressure_ulcers_1_0023_ae93aef5.jpg
2026-01-18 18:50:48 [INFO]   [24/102] pressure_ulcers_1_0024_a6e9c3f0.jpg
2026-01-18 18:50:50 [INFO]   ✓ Baixado: pressure_ulcers_1_0024_a6e9c3f0.jpg
2026-01-18 18:50:50 [INFO]   [25/102] pressure_ulcers_1_0025_41c6b36a.jpg
2026-01-18 18:50:52 [INFO]   ✓ Baixado: pressure_ulcers_1_0025_41c6b36a.jpg
2026-01-18 18:50:52 [INFO]   [26/102] pressure_ulcers_1_0026_8e6eeb28.jpg
2026-01-18 18:50:54 [INFO]   ✓ Baixado: pressure_ulcers_1_0026_8e6eeb28.jpg
2026-01-18 18:50:54 [INFO]   [27/102] pressure_ulcers_1_0027_20bd5a32.jpg
2026-01-18 18:50:55 [INFO]   ✓ Baixado: pressure_ulcers_1_0027_20bd5a32.jpg
2026-01-18 18:50:55 [INFO]   [28/102] pressure_ulcers_1_0028_edff01ad.jpg
2026-01-18 18:50:57 [INFO]   ✓ Baixado: pressure_ulcers_1_0028_edff01ad.jpg
2026-01-18 18:50:57 [INFO]   [29/102] pressure_ulcers_1_0029_f5f4d432.jpg
2026-01-18 18:50:59 [INFO]   ✓ Baixado: pressure_ulcers_1_0029_f5f4d432.jpg
2026-01-18 18:50:59 [INFO]   [30/102] pressure_ulcers_1_0030_14f45eca.jpg
2026-01-18 18:51:01 [INFO]   ✓ Baixado: pressure_ulcers_1_0030_14f45eca.jpg
2026-01-18 18:51:01 [INFO]   [31/102] pressure_ulcers_1_0031_1d6a6294.jpg
2026-01-18 18:51:03 [INFO]   ✓ Baixado: pressure_ulcers_1_0031_1d6a6294.jpg
2026-01-18 18:51:03 [INFO]   [32/102] pressure_ulcers_1_0032_7b230ccf.jpg
2026-01-18 18:51:05 [INFO]   ✓ Baixado: pressure_ulcers_1_0032_7b230ccf.jpg
2026-01-18 18:51:05 [INFO]   [33/102] pressure_ulcers_1_0033_a6b75a9d.jpg
2026-01-18 18:51:07 [INFO]   ✓ Baixado: pressure_ulcers_1_0033_a6b75a9d.jpg
2026-01-18 18:51:07 [INFO]   [34/102] pressure_ulcers_1_0034_b1eb0c5c.jpg
2026-01-18 18:51:08 [INFO]   ✓ Baixado: pressure_ulcers_1_0034_b1eb0c5c.jpg
2026-01-18 18:51:08 [INFO]   [35/102] pressure_ulcers_1_0035_55bc27fc.jpg
2026-01-18 18:51:10 [INFO]   ✓ Baixado: pressure_ulcers_1_0035_55bc27fc.jpg
2026-01-18 18:51:10 [INFO]   [36/102] pressure_ulcers_1_0036_a3b05e82.jpg
2026-01-18 18:51:12 [INFO]   ✓ Baixado: pressure_ulcers_1_0036_a3b05e82.jpg
2026-01-18 18:51:12 [INFO]   [37/102] pressure_ulcers_1_0037_af55a607.jpg
2026-01-18 18:51:14 [INFO]   ✓ Baixado: pressure_ulcers_1_0037_af55a607.jpg
2026-01-18 18:51:14 [INFO]   [38/102] pressure_ulcers_1_0038_5da91cb3.jpg
2026-01-18 18:51:16 [INFO]   ✓ Baixado: pressure_ulcers_1_0038_5da91cb3.jpg
2026-01-18 18:51:16 [INFO]   [39/102] pressure_ulcers_1_0039_f18fcddf.jpg
2026-01-18 18:51:18 [INFO]   ✓ Baixado: pressure_ulcers_1_0039_f18fcddf.jpg
2026-01-18 18:51:18 [INFO]   [40/102] pressure_ulcers_1_0040_0c42bf61.jpg
2026-01-18 18:51:20 [INFO]   ✓ Baixado: pressure_ulcers_1_0040_0c42bf61.jpg
2026-01-18 18:51:20 [INFO]   [41/102] pressure_ulcers_1_0041_73c4bffd.jpg
2026-01-18 18:51:22 [INFO]   ✓ Baixado: pressure_ulcers_1_0041_73c4bffd.jpg
2026-01-18 18:51:22 [INFO]   [42/102] pressure_ulcers_1_0042_b8ee7e95.jpg
2026-01-18 18:51:23 [INFO]   ✓ Baixado: pressure_ulcers_1_0042_b8ee7e95.jpg
2026-01-18 18:51:23 [INFO]   [43/102] pressure_ulcers_1_0043_37840270.jpg
2026-01-18 18:51:25 [INFO]   ✓ Baixado: pressure_ulcers_1_0043_37840270.jpg
2026-01-18 18:51:25 [INFO]   [44/102] pressure_ulcers_1_0044_4bd17664.jpg
2026-01-18 18:51:27 [INFO]   ✓ Baixado: pressure_ulcers_1_0044_4bd17664.jpg
2026-01-18 18:51:27 [INFO]   [45/102] pressure_ulcers_1_0045_e0a9d2d9.jpg
2026-01-18 18:51:29 [INFO]   ✓ Baixado: pressure_ulcers_1_0045_e0a9d2d9.jpg
2026-01-18 18:51:29 [INFO]   [46/102] pressure_ulcers_1_0046_2d8346a8.jpg
2026-01-18 18:51:31 [INFO]   ✓ Baixado: pressure_ulcers_1_0046_2d8346a8.jpg
2026-01-18 18:51:31 [INFO]   [47/102] pressure_ulcers_1_0047_48d24583.jpg
2026-01-18 18:51:33 [INFO]   ✓ Baixado: pressure_ulcers_1_0047_48d24583.jpg
2026-01-18 18:51:33 [INFO]   [48/102] pressure_ulcers_1_0048_6c3ea953.jpg
2026-01-18 18:51:35 [INFO]   ✓ Baixado: pressure_ulcers_1_0048_6c3ea953.jpg
2026-01-18 18:51:35 [INFO]   [49/102] pressure_ulcers_1_0049_bf289882.jpg
2026-01-18 18:51:36 [INFO]   ✓ Baixado: pressure_ulcers_1_0049_bf289882.jpg
2026-01-18 18:51:36 [INFO]   [50/102] pressure_ulcers_1_0050_25dab8be.jpg
2026-01-18 18:51:38 [INFO]   ✓ Baixado: pressure_ulcers_1_0050_25dab8be.jpg
2026-01-18 18:51:38 [INFO]   [51/102] pressure_ulcers_1_0051_87310f50.jpg
2026-01-18 18:51:40 [INFO]   ✓ Baixado: pressure_ulcers_1_0051_87310f50.jpg
2026-01-18 18:51:40 [INFO]   [52/102] pressure_ulcers_1_0052_45182417.jpg
2026-01-18 18:51:42 [INFO]   ✓ Baixado: pressure_ulcers_1_0052_45182417.jpg
2026-01-18 18:51:42 [INFO]   [53/102] pressure_ulcers_1_0053_57f823be.jpg
2026-01-18 18:51:44 [INFO]   ✓ Baixado: pressure_ulcers_1_0053_57f823be.jpg
2026-01-18 18:51:44 [INFO]   [54/102] pressure_ulcers_1_0054_46e3093d.jpg
2026-01-18 18:51:46 [INFO]   ✓ Baixado: pressure_ulcers_1_0054_46e3093d.jpg
2026-01-18 18:51:46 [INFO]   [55/102] pressure_ulcers_1_0055_7cf09ae7.jpg
2026-01-18 18:51:48 [INFO]   ✓ Baixado: pressure_ulcers_1_0055_7cf09ae7.jpg
2026-01-18 18:51:48 [INFO]   [56/102] pressure_ulcers_1_0056_cacba820.jpg
2026-01-18 18:51:50 [INFO]   ✓ Baixado: pressure_ulcers_1_0056_cacba820.jpg
2026-01-18 18:51:50 [INFO]   [57/102] pressure_ulcers_1_0057_ab8259aa.jpg
2026-01-18 18:51:51 [INFO]   ✓ Baixado: pressure_ulcers_1_0057_ab8259aa.jpg
2026-01-18 18:51:51 [INFO]   [58/102] pressure_ulcers_1_0058_ddda6a7e.jpg
2026-01-18 18:51:53 [INFO]   ✓ Baixado: pressure_ulcers_1_0058_ddda6a7e.jpg
2026-01-18 18:51:53 [INFO]   [59/102] pressure_ulcers_1_0059_0b5e17ca.jpg
2026-01-18 18:51:55 [INFO]   ✓ Baixado: pressure_ulcers_1_0059_0b5e17ca.jpg
2026-01-18 18:51:55 [INFO]   [60/102] pressure_ulcers_1_0060_b29a5ab8.jpg
2026-01-18 18:51:57 [INFO]   ✓ Baixado: pressure_ulcers_1_0060_b29a5ab8.jpg
2026-01-18 18:51:57 [INFO]   [61/102] pressure_ulcers_1_0061_70730116.jpg
2026-01-18 18:51:59 [INFO]   ✓ Baixado: pressure_ulcers_1_0061_70730116.jpg
2026-01-18 18:51:59 [INFO]   [62/102] pressure_ulcers_1_0062_3e132f20.jpg
2026-01-18 18:52:01 [INFO]   ✓ Baixado: pressure_ulcers_1_0062_3e132f20.jpg
2026-01-18 18:52:01 [INFO]   [63/102] pressure_ulcers_1_0063_1839489e.jpg
2026-01-18 18:52:03 [INFO]   ✓ Baixado: pressure_ulcers_1_0063_1839489e.jpg
2026-01-18 18:52:03 [INFO]   [64/102] pressure_ulcers_1_0064_32ce093f.jpg
2026-01-18 18:52:04 [INFO]   ✓ Baixado: pressure_ulcers_1_0064_32ce093f.jpg
2026-01-18 18:52:04 [INFO]   [65/102] pressure_ulcers_1_0065_bea045f9.jpg
2026-01-18 18:52:06 [INFO]   ✓ Baixado: pressure_ulcers_1_0065_bea045f9.jpg
2026-01-18 18:52:06 [INFO]   [66/102] pressure_ulcers_1_0066_2d9daa1e.jpg
2026-01-18 18:52:08 [INFO]   ✓ Baixado: pressure_ulcers_1_0066_2d9daa1e.jpg
2026-01-18 18:52:08 [INFO]   [67/102] pressure_ulcers_1_0067_eaa928e2.jpg
2026-01-18 18:52:10 [INFO]   ✓ Baixado: pressure_ulcers_1_0067_eaa928e2.jpg
2026-01-18 18:52:10 [INFO]   [68/102] pressure_ulcers_1_0068_bb9fa5ce.jpg
2026-01-18 18:52:12 [INFO]   ✓ Baixado: pressure_ulcers_1_0068_bb9fa5ce.jpg
2026-01-18 18:52:12 [INFO]   [69/102] pressure_ulcers_1_0069_b00e3512.jpg
2026-01-18 18:52:14 [INFO]   ✓ Baixado: pressure_ulcers_1_0069_b00e3512.jpg
2026-01-18 18:52:14 [INFO]   [70/102] pressure_ulcers_1_0070_6b8db371.jpg
2026-01-18 18:52:16 [INFO]   ✓ Baixado: pressure_ulcers_1_0070_6b8db371.jpg
2026-01-18 18:52:16 [INFO]   [71/102] pressure_ulcers_1_0071_703a11f9.jpg
2026-01-18 18:52:18 [INFO]   ✓ Baixado: pressure_ulcers_1_0071_703a11f9.jpg
2026-01-18 18:52:18 [INFO]   [72/102] pressure_ulcers_1_0072_7b0f55c0.jpg
2026-01-18 18:52:20 [INFO]   ✓ Baixado: pressure_ulcers_1_0072_7b0f55c0.jpg
2026-01-18 18:52:20 [INFO]   [73/102] pressure_ulcers_1_0073_1ebe46a4.jpg
2026-01-18 18:52:22 [INFO]   ✓ Baixado: pressure_ulcers_1_0073_1ebe46a4.jpg
2026-01-18 18:52:22 [INFO]   [74/102] pressure_ulcers_1_0074_0cef76a7.jpg
2026-01-18 18:52:24 [INFO]   ✓ Baixado: pressure_ulcers_1_0074_0cef76a7.jpg
2026-01-18 18:52:24 [INFO]   [75/102] pressure_ulcers_1_0075_2f884220.jpg
2026-01-18 18:52:26 [INFO]   ✓ Baixado: pressure_ulcers_1_0075_2f884220.jpg
2026-01-18 18:52:26 [INFO]   [76/102] pressure_ulcers_1_0076_660e9e35.jpg
2026-01-18 18:52:27 [INFO]   ✓ Baixado: pressure_ulcers_1_0076_660e9e35.jpg
2026-01-18 18:52:27 [INFO]   [77/102] pressure_ulcers_1_0077_61eecf44.jpg
2026-01-18 18:52:29 [INFO]   ✓ Baixado: pressure_ulcers_1_0077_61eecf44.jpg
2026-01-18 18:52:29 [INFO]   [78/102] pressure_ulcers_1_0078_ef5467d1.jpg
2026-01-18 18:52:31 [INFO]   ✓ Baixado: pressure_ulcers_1_0078_ef5467d1.jpg
2026-01-18 18:52:31 [INFO]   [79/102] pressure_ulcers_1_0079_2312ff75.jpg
2026-01-18 18:52:33 [INFO]   ✓ Baixado: pressure_ulcers_1_0079_2312ff75.jpg
2026-01-18 18:52:33 [INFO]   [80/102] pressure_ulcers_1_0080_0a643579.jpg
2026-01-18 18:52:35 [INFO]   ✓ Baixado: pressure_ulcers_1_0080_0a643579.jpg
2026-01-18 18:52:35 [INFO]   [81/102] pressure_ulcers_1_0081_c69df498.jpg
2026-01-18 18:52:37 [INFO]   ✓ Baixado: pressure_ulcers_1_0081_c69df498.jpg
2026-01-18 18:52:37 [INFO]   [82/102] pressure_ulcers_1_0082_2ac2590a.jpg
2026-01-18 18:52:39 [INFO]   ✓ Baixado: pressure_ulcers_1_0082_2ac2590a.jpg
2026-01-18 18:52:39 [INFO]   [83/102] pressure_ulcers_1_0083_5f51ca76.jpg
2026-01-18 18:52:41 [INFO]   ✓ Baixado: pressure_ulcers_1_0083_5f51ca76.jpg
2026-01-18 18:52:41 [INFO]   [84/102] pressure_ulcers_1_0084_810a2dd7.jpg
2026-01-18 18:52:42 [INFO]   ✓ Baixado: pressure_ulcers_1_0084_810a2dd7.jpg
2026-01-18 18:52:42 [INFO]   [85/102] pressure_ulcers_1_0085_0388ec11.jpg
2026-01-18 18:52:44 [INFO]   ✓ Baixado: pressure_ulcers_1_0085_0388ec11.jpg
2026-01-18 18:52:44 [INFO]   [86/102] pressure_ulcers_1_0086_51a665b9.jpg
2026-01-18 18:52:46 [INFO]   ✓ Baixado: pressure_ulcers_1_0086_51a665b9.jpg
2026-01-18 18:52:46 [INFO]   [87/102] pressure_ulcers_1_0087_0dd5a448.jpg
2026-01-18 18:52:48 [INFO]   ✓ Baixado: pressure_ulcers_1_0087_0dd5a448.jpg
2026-01-18 18:52:48 [INFO]   [88/102] pressure_ulcers_1_0088_2ac9b4d8.jpg
2026-01-18 18:52:50 [INFO]   ✓ Baixado: pressure_ulcers_1_0088_2ac9b4d8.jpg
2026-01-18 18:52:50 [INFO]   [89/102] pressure_ulcers_1_0089_b6948cad.jpg
2026-01-18 18:52:52 [INFO]   ✓ Baixado: pressure_ulcers_1_0089_b6948cad.jpg
2026-01-18 18:52:52 [INFO]   [90/102] pressure_ulcers_1_0090_ac5e1268.jpg
2026-01-18 18:52:54 [INFO]   ✓ Baixado: pressure_ulcers_1_0090_ac5e1268.jpg
2026-01-18 18:52:54 [INFO]   [91/102] pressure_ulcers_1_0091_164296b9.jpg
2026-01-18 18:52:55 [INFO]   ✓ Baixado: pressure_ulcers_1_0091_164296b9.jpg
2026-01-18 18:52:55 [INFO]   [92/102] pressure_ulcers_1_0092_3a8dc6fe.jpg
2026-01-18 18:52:57 [INFO]   ✓ Baixado: pressure_ulcers_1_0092_3a8dc6fe.jpg
2026-01-18 18:52:57 [INFO]   [93/102] pressure_ulcers_1_0093_baea5dbc.jpg
2026-01-18 18:52:59 [INFO]   ✓ Baixado: pressure_ulcers_1_0093_baea5dbc.jpg
2026-01-18 18:52:59 [INFO]   [94/102] pressure_ulcers_1_0094_d93e8bd3.jpg
2026-01-18 18:53:01 [INFO]   ✓ Baixado: pressure_ulcers_1_0094_d93e8bd3.jpg
2026-01-18 18:53:01 [INFO]   [95/102] pressure_ulcers_1_0095_95605a2b.jpg
2026-01-18 18:53:03 [INFO]   ✓ Baixado: pressure_ulcers_1_0095_95605a2b.jpg
2026-01-18 18:53:03 [INFO]   [96/102] pressure_ulcers_1_0096_29ecb7c6.jpg
2026-01-18 18:53:05 [INFO]   ✓ Baixado: pressure_ulcers_1_0096_29ecb7c6.jpg
2026-01-18 18:53:05 [INFO]   [97/102] pressure_ulcers_1_0097_f9adaa34.jpg
2026-01-18 18:53:07 [INFO]   ✓ Baixado: pressure_ulcers_1_0097_f9adaa34.jpg
2026-01-18 18:53:07 [INFO]   [98/102] pressure_ulcers_1_0098_04ef5482.jpg
2026-01-18 18:53:09 [INFO]   ✓ Baixado: pressure_ulcers_1_0098_04ef5482.jpg
2026-01-18 18:53:09 [INFO]   [99/102] pressure_ulcers_1_0099_55ebd71e.jpg
2026-01-18 18:53:11 [INFO]   ✓ Baixado: pressure_ulcers_1_0099_55ebd71e.jpg
2026-01-18 18:53:11 [INFO]   [100/102] pressure_ulcers_1_0100_b0db754d.jpg
2026-01-18 18:53:13 [INFO]   ✓ Baixado: pressure_ulcers_1_0100_b0db754d.jpg
2026-01-18 18:53:13 [INFO]   [101/102] pressure_ulcers_1_0101_d2ae60f2.jpg
2026-01-18 18:53:14 [INFO]   ✓ Baixado: pressure_ulcers_1_0101_d2ae60f2.jpg
2026-01-18 18:53:15 [INFO]   [102/102] pressure_ulcers_1_0102_662fbd19.jpg
2026-01-18 18:53:16 [INFO]   ✓ Baixado: pressure_ulcers_1_0102_662fbd19.jpg
2026-01-18 18:53:16 [INFO] Categoria Pressure Ulcers 1: 102/102 imagens
2026-01-18 18:53:16 [INFO] 
Baixando categoria: Pressure Ulcers 2
2026-01-18 18:53:16 [INFO] Total de imagens: 75
2026-01-18 18:53:16 [INFO]   [1/75] pressure_ulcers_2_0001_24804536.jpg
2026-01-18 18:53:18 [INFO]   ✓ Baixado: pressure_ulcers_2_0001_24804536.jpg
2026-01-18 18:53:18 [INFO]   [2/75] pressure_ulcers_2_0002_46a2915e.jpg
2026-01-18 18:53:20 [INFO]   ✓ Baixado: pressure_ulcers_2_0002_46a2915e.jpg
2026-01-18 18:53:20 [INFO]   [3/75] pressure_ulcers_2_0003_8c4643f0.jpg
2026-01-18 18:53:22 [INFO]   ✓ Baixado: pressure_ulcers_2_0003_8c4643f0.jpg
2026-01-18 18:53:22 [INFO]   [4/75] pressure_ulcers_2_0004_a5fbf4b3.jpg
2026-01-18 18:53:24 [INFO]   ✓ Baixado: pressure_ulcers_2_0004_a5fbf4b3.jpg
2026-01-18 18:53:24 [INFO]   [5/75] pressure_ulcers_2_0005_8035f356.jpg
2026-01-18 18:53:26 [INFO]   ✓ Baixado: pressure_ulcers_2_0005_8035f356.jpg
2026-01-18 18:53:26 [INFO]   [6/75] pressure_ulcers_2_0006_7cf99d1e.jpg
2026-01-18 18:53:28 [INFO]   ✓ Baixado: pressure_ulcers_2_0006_7cf99d1e.jpg
2026-01-18 18:53:28 [INFO]   [7/75] pressure_ulcers_2_0007_7a20f609.jpg
2026-01-18 18:53:30 [INFO]   ✓ Baixado: pressure_ulcers_2_0007_7a20f609.jpg
2026-01-18 18:53:30 [INFO]   [8/75] pressure_ulcers_2_0008_98113ca7.jpg
2026-01-18 18:53:32 [INFO]   ✓ Baixado: pressure_ulcers_2_0008_98113ca7.jpg
2026-01-18 18:53:32 [INFO]   [9/75] pressure_ulcers_2_0009_4b127b58.jpg
2026-01-18 18:53:33 [INFO]   ✓ Baixado: pressure_ulcers_2_0009_4b127b58.jpg
2026-01-18 18:53:33 [INFO]   [10/75] pressure_ulcers_2_0010_9343ea10.jpg
2026-01-18 18:53:35 [INFO]   ✓ Baixado: pressure_ulcers_2_0010_9343ea10.jpg
2026-01-18 18:53:35 [INFO]   [11/75] pressure_ulcers_2_0011_626d0521.jpg
2026-01-18 18:53:37 [INFO]   ✓ Baixado: pressure_ulcers_2_0011_626d0521.jpg
2026-01-18 18:53:37 [INFO]   [12/75] pressure_ulcers_2_0012_6b6ceabc.jpg
2026-01-18 18:53:39 [INFO]   ✓ Baixado: pressure_ulcers_2_0012_6b6ceabc.jpg
2026-01-18 18:53:39 [INFO]   [13/75] pressure_ulcers_2_0013_81740990.jpg
2026-01-18 18:53:41 [INFO]   ✓ Baixado: pressure_ulcers_2_0013_81740990.jpg
2026-01-18 18:53:41 [INFO]   [14/75] pressure_ulcers_2_0014_345c491d.jpg
2026-01-18 18:53:43 [INFO]   ✓ Baixado: pressure_ulcers_2_0014_345c491d.jpg
2026-01-18 18:53:43 [INFO]   [15/75] pressure_ulcers_2_0015_59e10199.jpg
2026-01-18 18:53:46 [INFO]   ✓ Baixado: pressure_ulcers_2_0015_59e10199.jpg
2026-01-18 18:53:46 [INFO]   [16/75] pressure_ulcers_2_0016_32bb68a9.jpg
2026-01-18 18:53:48 [INFO]   ✓ Baixado: pressure_ulcers_2_0016_32bb68a9.jpg
2026-01-18 18:53:48 [INFO]   [17/75] pressure_ulcers_2_0017_9fa65ac1.jpg
2026-01-18 18:53:50 [INFO]   ✓ Baixado: pressure_ulcers_2_0017_9fa65ac1.jpg
2026-01-18 18:53:50 [INFO]   [18/75] pressure_ulcers_2_0018_e16aa3a2.jpg
2026-01-18 18:53:52 [INFO]   ✓ Baixado: pressure_ulcers_2_0018_e16aa3a2.jpg
2026-01-18 18:53:52 [INFO]   [19/75] pressure_ulcers_2_0019_41c18d2c.jpg
2026-01-18 18:53:53 [INFO]   ✓ Baixado: pressure_ulcers_2_0019_41c18d2c.jpg
2026-01-18 18:53:53 [INFO]   [20/75] pressure_ulcers_2_0020_04dcb46c.jpg
2026-01-18 18:53:55 [INFO]   ✓ Baixado: pressure_ulcers_2_0020_04dcb46c.jpg
2026-01-18 18:53:55 [INFO]   [21/75] pressure_ulcers_2_0021_d0f40a0f.jpg
2026-01-18 18:53:57 [INFO]   ✓ Baixado: pressure_ulcers_2_0021_d0f40a0f.jpg
2026-01-18 18:53:57 [INFO]   [22/75] pressure_ulcers_2_0022_77be609c.jpg
2026-01-18 18:53:59 [INFO]   ✓ Baixado: pressure_ulcers_2_0022_77be609c.jpg
2026-01-18 18:53:59 [INFO]   [23/75] pressure_ulcers_2_0023_4d98f2ba.jpg
2026-01-18 18:54:01 [INFO]   ✓ Baixado: pressure_ulcers_2_0023_4d98f2ba.jpg
2026-01-18 18:54:01 [INFO]   [24/75] pressure_ulcers_2_0024_35c6c599.jpg
2026-01-18 18:54:03 [INFO]   ✓ Baixado: pressure_ulcers_2_0024_35c6c599.jpg
2026-01-18 18:54:03 [INFO]   [25/75] pressure_ulcers_2_0025_3b034833.jpg
2026-01-18 18:54:05 [INFO]   ✓ Baixado: pressure_ulcers_2_0025_3b034833.jpg
2026-01-18 18:54:05 [INFO]   [26/75] pressure_ulcers_2_0026_e979807a.jpg
2026-01-18 18:54:07 [INFO]   ✓ Baixado: pressure_ulcers_2_0026_e979807a.jpg
2026-01-18 18:54:07 [INFO]   [27/75] pressure_ulcers_2_0027_ab7cfe6e.jpg
2026-01-18 18:54:09 [INFO]   ✓ Baixado: pressure_ulcers_2_0027_ab7cfe6e.jpg
2026-01-18 18:54:09 [INFO]   [28/75] pressure_ulcers_2_0028_8c487126.jpg
2026-01-18 18:54:11 [INFO]   ✓ Baixado: pressure_ulcers_2_0028_8c487126.jpg
2026-01-18 18:54:11 [INFO]   [29/75] pressure_ulcers_2_0029_58c637e9.jpg
2026-01-18 18:54:13 [INFO]   ✓ Baixado: pressure_ulcers_2_0029_58c637e9.jpg
2026-01-18 18:54:13 [INFO]   [30/75] pressure_ulcers_2_0030_88fed687.jpg
2026-01-18 18:54:14 [INFO]   ✓ Baixado: pressure_ulcers_2_0030_88fed687.jpg
2026-01-18 18:54:14 [INFO]   [31/75] pressure_ulcers_2_0031_799b283a.jpg
2026-01-18 18:54:16 [INFO]   ✓ Baixado: pressure_ulcers_2_0031_799b283a.jpg
2026-01-18 18:54:16 [INFO]   [32/75] pressure_ulcers_2_0032_1f02f789.jpg
2026-01-18 18:54:18 [INFO]   ✓ Baixado: pressure_ulcers_2_0032_1f02f789.jpg
2026-01-18 18:54:18 [INFO]   [33/75] pressure_ulcers_2_0033_cdd00955.jpg
2026-01-18 18:54:20 [INFO]   ✓ Baixado: pressure_ulcers_2_0033_cdd00955.jpg
2026-01-18 18:54:20 [INFO]   [34/75] pressure_ulcers_2_0034_7cd86bfb.jpg
2026-01-18 18:54:22 [INFO]   ✓ Baixado: pressure_ulcers_2_0034_7cd86bfb.jpg
2026-01-18 18:54:22 [INFO]   [35/75] pressure_ulcers_2_0035_02bf6149.jpg
2026-01-18 18:54:24 [INFO]   ✓ Baixado: pressure_ulcers_2_0035_02bf6149.jpg
2026-01-18 18:54:24 [INFO]   [36/75] pressure_ulcers_2_0036_48923185.jpg
2026-01-18 18:54:26 [INFO]   ✓ Baixado: pressure_ulcers_2_0036_48923185.jpg
2026-01-18 18:54:26 [INFO]   [37/75] pressure_ulcers_2_0037_0d135ddd.jpg
2026-01-18 18:54:28 [INFO]   ✓ Baixado: pressure_ulcers_2_0037_0d135ddd.jpg
2026-01-18 18:54:28 [INFO]   [38/75] pressure_ulcers_2_0038_d8e6fd14.jpg
2026-01-18 18:54:30 [INFO]   ✓ Baixado: pressure_ulcers_2_0038_d8e6fd14.jpg
2026-01-18 18:54:30 [INFO]   [39/75] pressure_ulcers_2_0039_dfe5738b.jpg
2026-01-18 18:54:32 [INFO]   ✓ Baixado: pressure_ulcers_2_0039_dfe5738b.jpg
2026-01-18 18:54:32 [INFO]   [40/75] pressure_ulcers_2_0040_5a1b62a9.jpg
2026-01-18 18:54:33 [INFO]   ✓ Baixado: pressure_ulcers_2_0040_5a1b62a9.jpg
2026-01-18 18:54:33 [INFO]   [41/75] pressure_ulcers_2_0041_cda15b6e.jpg
2026-01-18 18:54:35 [INFO]   ✓ Baixado: pressure_ulcers_2_0041_cda15b6e.jpg
2026-01-18 18:54:35 [INFO]   [42/75] pressure_ulcers_2_0042_f0fb51b7.jpg
2026-01-18 18:54:37 [INFO]   ✓ Baixado: pressure_ulcers_2_0042_f0fb51b7.jpg
2026-01-18 18:54:37 [INFO]   [43/75] pressure_ulcers_2_0043_029d791a.jpg
2026-01-18 18:54:39 [INFO]   ✓ Baixado: pressure_ulcers_2_0043_029d791a.jpg
2026-01-18 18:54:39 [INFO]   [44/75] pressure_ulcers_2_0044_d07f9642.jpg
2026-01-18 18:54:41 [INFO]   ✓ Baixado: pressure_ulcers_2_0044_d07f9642.jpg
2026-01-18 18:54:41 [INFO]   [45/75] pressure_ulcers_2_0045_f009ac9a.jpg
2026-01-18 18:54:43 [INFO]   ✓ Baixado: pressure_ulcers_2_0045_f009ac9a.jpg
2026-01-18 18:54:43 [INFO]   [46/75] pressure_ulcers_2_0046_226682c8.jpg
2026-01-18 18:54:45 [INFO]   ✓ Baixado: pressure_ulcers_2_0046_226682c8.jpg
2026-01-18 18:54:45 [INFO]   [47/75] pressure_ulcers_2_0047_bb88aa60.jpg
2026-01-18 18:54:47 [INFO]   ✓ Baixado: pressure_ulcers_2_0047_bb88aa60.jpg
2026-01-18 18:54:47 [INFO]   [48/75] pressure_ulcers_2_0048_1a8d9add.jpg
2026-01-18 18:54:48 [INFO]   ✓ Baixado: pressure_ulcers_2_0048_1a8d9add.jpg
2026-01-18 18:54:48 [INFO]   [49/75] pressure_ulcers_2_0049_88eecc35.jpg
2026-01-18 18:54:50 [INFO]   ✓ Baixado: pressure_ulcers_2_0049_88eecc35.jpg
2026-01-18 18:54:50 [INFO]   [50/75] pressure_ulcers_2_0050_88b97397.jpg
2026-01-18 18:54:52 [INFO]   ✓ Baixado: pressure_ulcers_2_0050_88b97397.jpg
2026-01-18 18:54:52 [INFO]   [51/75] pressure_ulcers_2_0051_b50538ae.jpg
2026-01-18 18:54:54 [INFO]   ✓ Baixado: pressure_ulcers_2_0051_b50538ae.jpg
2026-01-18 18:54:54 [INFO]   [52/75] pressure_ulcers_2_0052_aa918c46.jpg
2026-01-18 18:54:56 [INFO]   ✓ Baixado: pressure_ulcers_2_0052_aa918c46.jpg
2026-01-18 18:54:56 [INFO]   [53/75] pressure_ulcers_2_0053_da4ad05e.jpg
2026-01-18 18:54:58 [INFO]   ✓ Baixado: pressure_ulcers_2_0053_da4ad05e.jpg
2026-01-18 18:54:58 [INFO]   [54/75] pressure_ulcers_2_0054_ee135ecc.jpg
2026-01-18 18:55:00 [INFO]   ✓ Baixado: pressure_ulcers_2_0054_ee135ecc.jpg
2026-01-18 18:55:00 [INFO]   [55/75] pressure_ulcers_2_0055_d09e3931.jpg
2026-01-18 18:55:02 [INFO]   ✓ Baixado: pressure_ulcers_2_0055_d09e3931.jpg
2026-01-18 18:55:02 [INFO]   [56/75] pressure_ulcers_2_0056_59e654dd.jpg
2026-01-18 18:55:04 [INFO]   ✓ Baixado: pressure_ulcers_2_0056_59e654dd.jpg
2026-01-18 18:55:04 [INFO]   [57/75] pressure_ulcers_2_0057_fa430f1b.jpg
2026-01-18 18:55:06 [INFO]   ✓ Baixado: pressure_ulcers_2_0057_fa430f1b.jpg
2026-01-18 18:55:06 [INFO]   [58/75] pressure_ulcers_2_0058_517ca7f9.jpg
2026-01-18 18:55:08 [INFO]   ✓ Baixado: pressure_ulcers_2_0058_517ca7f9.jpg
2026-01-18 18:55:08 [INFO]   [59/75] pressure_ulcers_2_0059_d3ceee22.jpg
2026-01-18 18:55:10 [INFO]   ✓ Baixado: pressure_ulcers_2_0059_d3ceee22.jpg
2026-01-18 18:55:10 [INFO]   [60/75] pressure_ulcers_2_0060_a058dca3.jpg
2026-01-18 18:55:12 [INFO]   ✓ Baixado: pressure_ulcers_2_0060_a058dca3.jpg
2026-01-18 18:55:12 [INFO]   [61/75] pressure_ulcers_2_0061_49ad5559.jpg
2026-01-18 18:55:14 [INFO]   ✓ Baixado: pressure_ulcers_2_0061_49ad5559.jpg
2026-01-18 18:55:14 [INFO]   [62/75] pressure_ulcers_2_0062_2ae782aa.jpg
2026-01-18 18:55:16 [INFO]   ✓ Baixado: pressure_ulcers_2_0062_2ae782aa.jpg
2026-01-18 18:55:16 [INFO]   [63/75] pressure_ulcers_2_0063_32823344.jpg
2026-01-18 18:55:18 [INFO]   ✓ Baixado: pressure_ulcers_2_0063_32823344.jpg
2026-01-18 18:55:18 [INFO]   [64/75] pressure_ulcers_2_0064_c89acaa0.jpg
2026-01-18 18:55:20 [INFO]   ✓ Baixado: pressure_ulcers_2_0064_c89acaa0.jpg
2026-01-18 18:55:20 [INFO]   [65/75] pressure_ulcers_2_0065_f1bacf7b.jpg
2026-01-18 18:55:21 [INFO]   ✓ Baixado: pressure_ulcers_2_0065_f1bacf7b.jpg
2026-01-18 18:55:21 [INFO]   [66/75] pressure_ulcers_2_0066_3c2af79b.jpg
2026-01-18 18:55:23 [INFO]   ✓ Baixado: pressure_ulcers_2_0066_3c2af79b.jpg
2026-01-18 18:55:23 [INFO]   [67/75] pressure_ulcers_2_0067_1fae5c7d.jpg
2026-01-18 18:55:25 [INFO]   ✓ Baixado: pressure_ulcers_2_0067_1fae5c7d.jpg
2026-01-18 18:55:25 [INFO]   [68/75] pressure_ulcers_2_0068_50242ec2.jpg
2026-01-18 18:55:27 [INFO]   ✓ Baixado: pressure_ulcers_2_0068_50242ec2.jpg
2026-01-18 18:55:27 [INFO]   [69/75] pressure_ulcers_2_0069_9d45c172.jpg
2026-01-18 18:55:29 [INFO]   ✓ Baixado: pressure_ulcers_2_0069_9d45c172.jpg
2026-01-18 18:55:29 [INFO]   [70/75] pressure_ulcers_2_0070_1a183960.jpg
2026-01-18 18:55:31 [INFO]   ✓ Baixado: pressure_ulcers_2_0070_1a183960.jpg
2026-01-18 18:55:31 [INFO]   [71/75] pressure_ulcers_2_0071_5783a629.jpg
2026-01-18 18:55:33 [INFO]   ✓ Baixado: pressure_ulcers_2_0071_5783a629.jpg
2026-01-18 18:55:33 [INFO]   [72/75] pressure_ulcers_2_0072_96f50da6.jpg
2026-01-18 18:55:35 [INFO]   ✓ Baixado: pressure_ulcers_2_0072_96f50da6.jpg
2026-01-18 18:55:35 [INFO]   [73/75] pressure_ulcers_2_0073_e6fdd24b.jpg
2026-01-18 18:55:37 [INFO]   ✓ Baixado: pressure_ulcers_2_0073_e6fdd24b.jpg
2026-01-18 18:55:37 [INFO]   [74/75] pressure_ulcers_2_0074_2d60c8ac.jpg
2026-01-18 18:55:38 [INFO]   ✓ Baixado: pressure_ulcers_2_0074_2d60c8ac.jpg
2026-01-18 18:55:38 [INFO]   [75/75] pressure_ulcers_2_0075_9c2af259.jpg
2026-01-18 18:55:40 [INFO]   ✓ Baixado: pressure_ulcers_2_0075_9c2af259.jpg
2026-01-18 18:55:40 [INFO] Categoria Pressure Ulcers 2: 75/75 imagens
2026-01-18 18:55:40 [INFO] 
Baixando categoria: Pilonidal Sinus
2026-01-18 18:55:40 [INFO] Total de imagens: 4
2026-01-18 18:55:40 [INFO]   [1/4] pilonidal_sinus_0001_3d7a287e.jpg
2026-01-18 18:55:42 [INFO]   ✓ Baixado: pilonidal_sinus_0001_3d7a287e.jpg
2026-01-18 18:55:42 [INFO]   [2/4] pilonidal_sinus_0002_884be84f.jpg
2026-01-18 18:55:44 [INFO]   ✓ Baixado: pilonidal_sinus_0002_884be84f.jpg
2026-01-18 18:55:44 [INFO]   [3/4] pilonidal_sinus_0003_915c4ee1.jpg
2026-01-18 18:55:46 [INFO]   ✓ Baixado: pilonidal_sinus_0003_915c4ee1.jpg
2026-01-18 18:55:46 [INFO]   [4/4] pilonidal_sinus_0004_bcfcf8bd.jpg
2026-01-18 18:55:48 [INFO]   ✓ Baixado: pilonidal_sinus_0004_bcfcf8bd.jpg
2026-01-18 18:55:48 [INFO] Categoria Pilonidal Sinus: 4/4 imagens
2026-01-18 18:55:48 [INFO] 
Baixando categoria: Necrotic Toes
2026-01-18 18:55:48 [INFO] Total de imagens: 35
2026-01-18 18:55:48 [INFO]   [1/35] necrotic_toes_0001_2ae1ae7d.jpg
2026-01-18 18:55:50 [INFO]   ✓ Baixado: necrotic_toes_0001_2ae1ae7d.jpg
2026-01-18 18:55:50 [INFO]   [2/35] necrotic_toes_0002_3fb5027d.jpg
2026-01-18 18:55:52 [INFO]   ✓ Baixado: necrotic_toes_0002_3fb5027d.jpg
2026-01-18 18:55:52 [INFO]   [3/35] necrotic_toes_0003_6defa5ab.jpg
2026-01-18 18:55:54 [INFO]   ✓ Baixado: necrotic_toes_0003_6defa5ab.jpg
2026-01-18 18:55:54 [INFO]   [4/35] necrotic_toes_0004_79812f55.jpg
2026-01-18 18:55:56 [INFO]   ✓ Baixado: necrotic_toes_0004_79812f55.jpg
2026-01-18 18:55:56 [INFO]   [5/35] necrotic_toes_0005_084a4afb.jpg
2026-01-18 18:55:57 [INFO]   ✓ Baixado: necrotic_toes_0005_084a4afb.jpg
2026-01-18 18:55:57 [INFO]   [6/35] necrotic_toes_0006_f33354de.jpg
2026-01-18 18:55:59 [INFO]   ✓ Baixado: necrotic_toes_0006_f33354de.jpg
2026-01-18 18:55:59 [INFO]   [7/35] necrotic_toes_0007_47647abf.jpg
2026-01-18 18:56:01 [INFO]   ✓ Baixado: necrotic_toes_0007_47647abf.jpg
2026-01-18 18:56:01 [INFO]   [8/35] necrotic_toes_0008_d5c23718.jpg
2026-01-18 18:56:03 [INFO]   ✓ Baixado: necrotic_toes_0008_d5c23718.jpg
2026-01-18 18:56:03 [INFO]   [9/35] necrotic_toes_0009_1745665e.jpg
2026-01-18 18:56:05 [INFO]   ✓ Baixado: necrotic_toes_0009_1745665e.jpg
2026-01-18 18:56:05 [INFO]   [10/35] necrotic_toes_0010_786a212b.jpg
2026-01-18 18:56:07 [INFO]   ✓ Baixado: necrotic_toes_0010_786a212b.jpg
2026-01-18 18:56:07 [INFO]   [11/35] necrotic_toes_0011_1bc155d9.jpg
2026-01-18 18:56:09 [INFO]   ✓ Baixado: necrotic_toes_0011_1bc155d9.jpg
2026-01-18 18:56:09 [INFO]   [12/35] necrotic_toes_0012_f8457f05.jpg
2026-01-18 18:56:10 [INFO]   ✓ Baixado: necrotic_toes_0012_f8457f05.jpg
2026-01-18 18:56:10 [INFO]   [13/35] necrotic_toes_0013_ef16db02.jpg
2026-01-18 18:56:12 [INFO]   ✓ Baixado: necrotic_toes_0013_ef16db02.jpg
2026-01-18 18:56:12 [INFO]   [14/35] necrotic_toes_0014_7762b40d.jpg
2026-01-18 18:56:14 [INFO]   ✓ Baixado: necrotic_toes_0014_7762b40d.jpg
2026-01-18 18:56:14 [INFO]   [15/35] necrotic_toes_0015_d5b1480f.jpg
2026-01-18 18:56:16 [INFO]   ✓ Baixado: necrotic_toes_0015_d5b1480f.jpg
2026-01-18 18:56:16 [INFO]   [16/35] necrotic_toes_0016_69ab8886.jpg
2026-01-18 18:56:18 [INFO]   ✓ Baixado: necrotic_toes_0016_69ab8886.jpg
2026-01-18 18:56:18 [INFO]   [17/35] necrotic_toes_0017_333aaca7.jpg
2026-01-18 18:56:20 [INFO]   ✓ Baixado: necrotic_toes_0017_333aaca7.jpg
2026-01-18 18:56:20 [INFO]   [18/35] necrotic_toes_0018_a5294171.jpg
2026-01-18 18:56:22 [INFO]   ✓ Baixado: necrotic_toes_0018_a5294171.jpg
2026-01-18 18:56:22 [INFO]   [19/35] necrotic_toes_0019_fc29271f.jpg
2026-01-18 18:56:23 [INFO]   ✓ Baixado: necrotic_toes_0019_fc29271f.jpg
2026-01-18 18:56:23 [INFO]   [20/35] necrotic_toes_0020_912ae1c9.jpg
2026-01-18 18:56:25 [INFO]   ✓ Baixado: necrotic_toes_0020_912ae1c9.jpg
2026-01-18 18:56:25 [INFO]   [21/35] necrotic_toes_0021_b6c54b59.jpg
2026-01-18 18:56:27 [INFO]   ✓ Baixado: necrotic_toes_0021_b6c54b59.jpg
2026-01-18 18:56:27 [INFO]   [22/35] necrotic_toes_0022_88670e8d.jpg
2026-01-18 18:56:29 [INFO]   ✓ Baixado: necrotic_toes_0022_88670e8d.jpg
2026-01-18 18:56:29 [INFO]   [23/35] necrotic_toes_0023_ceedc2a0.jpg
2026-01-18 18:56:31 [INFO]   ✓ Baixado: necrotic_toes_0023_ceedc2a0.jpg
2026-01-18 18:56:31 [INFO]   [24/35] necrotic_toes_0024_93d7803d.jpg
2026-01-18 18:56:33 [INFO]   ✓ Baixado: necrotic_toes_0024_93d7803d.jpg
2026-01-18 18:56:33 [INFO]   [25/35] necrotic_toes_0025_b1b3cae8.jpg
2026-01-18 18:56:35 [INFO]   ✓ Baixado: necrotic_toes_0025_b1b3cae8.jpg
2026-01-18 18:56:35 [INFO]   [26/35] necrotic_toes_0026_8ea0aa12.jpg
2026-01-18 18:56:37 [INFO]   ✓ Baixado: necrotic_toes_0026_8ea0aa12.jpg
2026-01-18 18:56:37 [INFO]   [27/35] necrotic_toes_0027_becb625b.jpg
2026-01-18 18:56:38 [INFO]   ✓ Baixado: necrotic_toes_0027_becb625b.jpg
2026-01-18 18:56:38 [INFO]   [28/35] necrotic_toes_0028_7db8fa3c.jpg
2026-01-18 18:56:40 [INFO]   ✓ Baixado: necrotic_toes_0028_7db8fa3c.jpg
2026-01-18 18:56:40 [INFO]   [29/35] necrotic_toes_0029_72f12648.jpg
2026-01-18 18:56:42 [INFO]   ✓ Baixado: necrotic_toes_0029_72f12648.jpg
2026-01-18 18:56:42 [INFO]   [30/35] necrotic_toes_0030_56576f57.jpg
2026-01-18 18:56:44 [INFO]   ✓ Baixado: necrotic_toes_0030_56576f57.jpg
2026-01-18 18:56:44 [INFO]   [31/35] necrotic_toes_0031_c5aea95f.jpg
2026-01-18 18:56:46 [INFO]   ✓ Baixado: necrotic_toes_0031_c5aea95f.jpg
2026-01-18 18:56:46 [INFO]   [32/35] necrotic_toes_0032_3aa3774e.jpg
2026-01-18 18:56:48 [INFO]   ✓ Baixado: necrotic_toes_0032_3aa3774e.jpg
2026-01-18 18:56:48 [INFO]   [33/35] necrotic_toes_0033_1003ca04.jpg
2026-01-18 18:56:50 [INFO]   ✓ Baixado: necrotic_toes_0033_1003ca04.jpg
2026-01-18 18:56:50 [INFO]   [34/35] necrotic_toes_0034_2c29ca19.jpg
2026-01-18 18:56:51 [INFO]   ✓ Baixado: necrotic_toes_0034_2c29ca19.jpg
2026-01-18 18:56:51 [INFO]   [35/35] necrotic_toes_0035_c4a02dea.jpg
2026-01-18 18:56:53 [INFO]   ✓ Baixado: necrotic_toes_0035_c4a02dea.jpg
2026-01-18 18:56:53 [INFO] Categoria Necrotic Toes: 35/35 imagens
2026-01-18 18:56:53 [INFO] 
Baixando categoria: Abdominal wounds, examples of wound
            dehiscence
2026-01-18 18:56:53 [INFO] Total de imagens: 14
2026-01-18 18:56:53 [INFO]   [1/14] abdominal_wounds_examples_of_wound_dehiscence_0001_5801b904.jpg
2026-01-18 18:56:55 [INFO]   ✓ Baixado: abdominal_wounds_examples_of_wound_dehiscence_0001_5801b904.jpg
2026-01-18 18:56:55 [INFO]   [2/14] abdominal_wounds_examples_of_wound_dehiscence_0002_b1315b08.jpg
2026-01-18 18:56:57 [INFO]   ✓ Baixado: abdominal_wounds_examples_of_wound_dehiscence_0002_b1315b08.jpg
2026-01-18 18:56:57 [INFO]   [3/14] abdominal_wounds_examples_of_wound_dehiscence_0003_6ebe49f1.jpg
2026-01-18 18:56:59 [INFO]   ✓ Baixado: abdominal_wounds_examples_of_wound_dehiscence_0003_6ebe49f1.jpg
2026-01-18 18:56:59 [INFO]   [4/14] abdominal_wounds_examples_of_wound_dehiscence_0004_13b4daab.jpg
2026-01-18 18:57:01 [INFO]   ✓ Baixado: abdominal_wounds_examples_of_wound_dehiscence_0004_13b4daab.jpg
2026-01-18 18:57:01 [INFO]   [5/14] abdominal_wounds_examples_of_wound_dehiscence_0005_384655d6.jpg
2026-01-18 18:57:03 [INFO]   ✓ Baixado: abdominal_wounds_examples_of_wound_dehiscence_0005_384655d6.jpg
2026-01-18 18:57:03 [INFO]   [6/14] abdominal_wounds_examples_of_wound_dehiscence_0006_1c725ab3.jpg
2026-01-18 18:57:05 [INFO]   ✓ Baixado: abdominal_wounds_examples_of_wound_dehiscence_0006_1c725ab3.jpg
2026-01-18 18:57:05 [INFO]   [7/14] abdominal_wounds_examples_of_wound_dehiscence_0007_52afd505.jpg
2026-01-18 18:57:06 [INFO]   ✓ Baixado: abdominal_wounds_examples_of_wound_dehiscence_0007_52afd505.jpg
2026-01-18 18:57:06 [INFO]   [8/14] abdominal_wounds_examples_of_wound_dehiscence_0008_261a1a0b.jpg
2026-01-18 18:57:08 [INFO]   ✓ Baixado: abdominal_wounds_examples_of_wound_dehiscence_0008_261a1a0b.jpg
2026-01-18 18:57:08 [INFO]   [9/14] abdominal_wounds_examples_of_wound_dehiscence_0009_83a21f5a.jpg
2026-01-18 18:57:10 [INFO]   ✓ Baixado: abdominal_wounds_examples_of_wound_dehiscence_0009_83a21f5a.jpg
2026-01-18 18:57:10 [INFO]   [10/14] abdominal_wounds_examples_of_wound_dehiscence_0010_3a66e527.jpg
2026-01-18 18:57:12 [INFO]   ✓ Baixado: abdominal_wounds_examples_of_wound_dehiscence_0010_3a66e527.jpg
2026-01-18 18:57:12 [INFO]   [11/14] abdominal_wounds_examples_of_wound_dehiscence_0011_1e2d5c30.jpg
2026-01-18 18:57:14 [INFO]   ✓ Baixado: abdominal_wounds_examples_of_wound_dehiscence_0011_1e2d5c30.jpg
2026-01-18 18:57:14 [INFO]   [12/14] abdominal_wounds_examples_of_wound_dehiscence_0012_d150d81a.jpg
2026-01-18 18:57:16 [INFO]   ✓ Baixado: abdominal_wounds_examples_of_wound_dehiscence_0012_d150d81a.jpg
2026-01-18 18:57:16 [INFO]   [13/14] abdominal_wounds_examples_of_wound_dehiscence_0013_7f61cef0.jpg
2026-01-18 18:57:17 [INFO]   ✓ Baixado: abdominal_wounds_examples_of_wound_dehiscence_0013_7f61cef0.jpg
2026-01-18 18:57:17 [INFO]   [14/14] abdominal_wounds_examples_of_wound_dehiscence_0014_a537a1b0.jpg
2026-01-18 18:57:19 [INFO]   ✓ Baixado: abdominal_wounds_examples_of_wound_dehiscence_0014_a537a1b0.jpg
2026-01-18 18:57:19 [INFO] Categoria Abdominal wounds, examples of wound
            dehiscence: 14/14 imagens
2026-01-18 18:57:19 [INFO] 
Baixando categoria: Burn and
            scalds,
2026-01-18 18:57:19 [INFO] Total de imagens: 20
2026-01-18 18:57:19 [INFO]   [1/20] burn_and_scalds_0001_f6ad357d.jpg
2026-01-18 18:57:21 [INFO]   ✓ Baixado: burn_and_scalds_0001_f6ad357d.jpg
2026-01-18 18:57:21 [INFO]   [2/20] burn_and_scalds_0002_d5e93d81.jpg
2026-01-18 18:57:23 [INFO]   ✓ Baixado: burn_and_scalds_0002_d5e93d81.jpg
2026-01-18 18:57:23 [INFO]   [3/20] burn_and_scalds_0003_e2948e31.jpg
2026-01-18 18:57:25 [INFO]   ✓ Baixado: burn_and_scalds_0003_e2948e31.jpg
2026-01-18 18:57:25 [INFO]   [4/20] burn_and_scalds_0004_d128a51c.jpg
2026-01-18 18:57:27 [INFO]   ✓ Baixado: burn_and_scalds_0004_d128a51c.jpg
2026-01-18 18:57:27 [INFO]   [5/20] burn_and_scalds_0005_f2e5315c.jpg
2026-01-18 18:57:29 [INFO]   ✓ Baixado: burn_and_scalds_0005_f2e5315c.jpg
2026-01-18 18:57:29 [INFO]   [6/20] burn_and_scalds_0006_45eb2960.jpg
2026-01-18 18:57:31 [INFO]   ✓ Baixado: burn_and_scalds_0006_45eb2960.jpg
2026-01-18 18:57:31 [INFO]   [7/20] burn_and_scalds_0007_efe58538.jpg
2026-01-18 18:57:32 [INFO]   ✓ Baixado: burn_and_scalds_0007_efe58538.jpg
2026-01-18 18:57:32 [INFO]   [8/20] burn_and_scalds_0008_a35913cf.jpg
2026-01-18 18:57:34 [INFO]   ✓ Baixado: burn_and_scalds_0008_a35913cf.jpg
2026-01-18 18:57:34 [INFO]   [9/20] burn_and_scalds_0009_e147fdab.jpg
2026-01-18 18:57:36 [INFO]   ✓ Baixado: burn_and_scalds_0009_e147fdab.jpg
2026-01-18 18:57:36 [INFO]   [10/20] burn_and_scalds_0010_f05bcd8d.jpg
2026-01-18 18:57:38 [INFO]   ✓ Baixado: burn_and_scalds_0010_f05bcd8d.jpg
2026-01-18 18:57:38 [INFO]   [11/20] burn_and_scalds_0011_83355a62.jpg
2026-01-18 18:57:40 [INFO]   ✓ Baixado: burn_and_scalds_0011_83355a62.jpg
2026-01-18 18:57:40 [INFO]   [12/20] burn_and_scalds_0012_3ac28937.jpg
2026-01-18 18:57:42 [INFO]   ✓ Baixado: burn_and_scalds_0012_3ac28937.jpg
2026-01-18 18:57:42 [INFO]   [13/20] burn_and_scalds_0013_a5376d68.jpg
2026-01-18 18:57:43 [INFO]   ✓ Baixado: burn_and_scalds_0013_a5376d68.jpg
2026-01-18 18:57:43 [INFO]   [14/20] burn_and_scalds_0014_ad465553.jpg
2026-01-18 18:57:45 [INFO]   ✓ Baixado: burn_and_scalds_0014_ad465553.jpg
2026-01-18 18:57:45 [INFO]   [15/20] burn_and_scalds_0015_e06d1049.jpg
2026-01-18 18:57:47 [INFO]   ✓ Baixado: burn_and_scalds_0015_e06d1049.jpg
2026-01-18 18:57:47 [INFO]   [16/20] burn_and_scalds_0016_ae058f11.jpg
2026-01-18 18:57:49 [INFO]   ✓ Baixado: burn_and_scalds_0016_ae058f11.jpg
2026-01-18 18:57:49 [INFO]   [17/20] burn_and_scalds_0017_7b92e840.jpg
2026-01-18 18:57:51 [INFO]   ✓ Baixado: burn_and_scalds_0017_7b92e840.jpg
2026-01-18 18:57:51 [INFO]   [18/20] burn_and_scalds_0018_08dfc98c.jpg
2026-01-18 18:57:53 [INFO]   ✓ Baixado: burn_and_scalds_0018_08dfc98c.jpg
2026-01-18 18:57:53 [INFO]   [19/20] burn_and_scalds_0019_e55f0a16.jpg
2026-01-18 18:57:54 [INFO]   ✓ Baixado: burn_and_scalds_0019_e55f0a16.jpg
2026-01-18 18:57:54 [INFO]   [20/20] burn_and_scalds_0020_3dc61a64.jpg
2026-01-18 18:57:56 [INFO]   ✓ Baixado: burn_and_scalds_0020_3dc61a64.jpg
2026-01-18 18:57:56 [INFO] Categoria Burn and
            scalds,: 20/20 imagens
2026-01-18 18:57:56 [INFO] 
Baixando categoria: Epidermolysis
            bullosa,
2026-01-18 18:57:56 [INFO] Total de imagens: 6
2026-01-18 18:57:56 [INFO]   [1/6] epidermolysis_bullosa_0001_ece2d82f.jpg
2026-01-18 18:57:58 [INFO]   ✓ Baixado: epidermolysis_bullosa_0001_ece2d82f.jpg
2026-01-18 18:57:58 [INFO]   [2/6] epidermolysis_bullosa_0002_fb1bf388.jpg
2026-01-18 18:58:00 [INFO]   ✓ Baixado: epidermolysis_bullosa_0002_fb1bf388.jpg
2026-01-18 18:58:00 [INFO]   [3/6] epidermolysis_bullosa_0003_d54715fc.jpg
2026-01-18 18:58:02 [INFO]   ✓ Baixado: epidermolysis_bullosa_0003_d54715fc.jpg
2026-01-18 18:58:02 [INFO]   [4/6] epidermolysis_bullosa_0004_8d498d74.jpg
2026-01-18 18:58:04 [INFO]   ✓ Baixado: epidermolysis_bullosa_0004_8d498d74.jpg
2026-01-18 18:58:04 [INFO]   [5/6] epidermolysis_bullosa_0005_640e1d8d.jpg
2026-01-18 18:58:06 [INFO]   ✓ Baixado: epidermolysis_bullosa_0005_640e1d8d.jpg
2026-01-18 18:58:06 [INFO]   [6/6] epidermolysis_bullosa_0006_9a08b0b9.jpg
2026-01-18 18:58:08 [INFO]   ✓ Baixado: epidermolysis_bullosa_0006_9a08b0b9.jpg
2026-01-18 18:58:08 [INFO] Categoria Epidermolysis
            bullosa,: 6/6 imagens
2026-01-18 18:58:08 [INFO] 
Baixando categoria: Extravasation injuries,
2026-01-18 18:58:08 [INFO] Total de imagens: 21
2026-01-18 18:58:08 [INFO]   [1/21] extravasation_injuries_0001_d337d67c.jpg
2026-01-18 18:58:10 [INFO]   ✓ Baixado: extravasation_injuries_0001_d337d67c.jpg
2026-01-18 18:58:10 [INFO]   [2/21] extravasation_injuries_0002_6b5cb230.jpg
2026-01-18 18:58:11 [INFO]   ✓ Baixado: extravasation_injuries_0002_6b5cb230.jpg
2026-01-18 18:58:11 [INFO]   [3/21] extravasation_injuries_0003_31090ef5.jpg
2026-01-18 18:58:13 [INFO]   ✓ Baixado: extravasation_injuries_0003_31090ef5.jpg
2026-01-18 18:58:13 [INFO]   [4/21] extravasation_injuries_0004_74421543.jpg
2026-01-18 18:58:15 [INFO]   ✓ Baixado: extravasation_injuries_0004_74421543.jpg
2026-01-18 18:58:15 [INFO]   [5/21] extravasation_injuries_0005_f15da3aa.jpg
2026-01-18 18:58:17 [INFO]   ✓ Baixado: extravasation_injuries_0005_f15da3aa.jpg
2026-01-18 18:58:17 [INFO]   [6/21] extravasation_injuries_0006_4876e02d.jpg
2026-01-18 18:58:19 [INFO]   ✓ Baixado: extravasation_injuries_0006_4876e02d.jpg
2026-01-18 18:58:19 [INFO]   [7/21] extravasation_injuries_0007_ac491a05.jpg
2026-01-18 18:58:21 [INFO]   ✓ Baixado: extravasation_injuries_0007_ac491a05.jpg
2026-01-18 18:58:21 [INFO]   [8/21] extravasation_injuries_0008_a69697b7.jpg
2026-01-18 18:58:22 [INFO]   ✓ Baixado: extravasation_injuries_0008_a69697b7.jpg
2026-01-18 18:58:22 [INFO]   [9/21] extravasation_injuries_0009_248c71d9.jpg
2026-01-18 18:58:24 [INFO]   ✓ Baixado: extravasation_injuries_0009_248c71d9.jpg
2026-01-18 18:58:24 [INFO]   [10/21] extravasation_injuries_0010_f0db60c7.jpg
2026-01-18 18:58:26 [INFO]   ✓ Baixado: extravasation_injuries_0010_f0db60c7.jpg
2026-01-18 18:58:26 [INFO]   [11/21] extravasation_injuries_0011_3b54d1af.jpg
2026-01-18 18:58:28 [INFO]   ✓ Baixado: extravasation_injuries_0011_3b54d1af.jpg
2026-01-18 18:58:28 [INFO]   [12/21] extravasation_injuries_0012_51281d58.jpg
2026-01-18 18:58:30 [INFO]   ✓ Baixado: extravasation_injuries_0012_51281d58.jpg
2026-01-18 18:58:30 [INFO]   [13/21] extravasation_injuries_0013_ba853c75.jpg
2026-01-18 18:58:32 [INFO]   ✓ Baixado: extravasation_injuries_0013_ba853c75.jpg
2026-01-18 18:58:32 [INFO]   [14/21] extravasation_injuries_0014_2eefe34c.jpg
2026-01-18 18:58:33 [INFO]   ✓ Baixado: extravasation_injuries_0014_2eefe34c.jpg
2026-01-18 18:58:33 [INFO]   [15/21] extravasation_injuries_0015_074fa01b.jpg
2026-01-18 18:58:35 [INFO]   ✓ Baixado: extravasation_injuries_0015_074fa01b.jpg
2026-01-18 18:58:35 [INFO]   [16/21] extravasation_injuries_0016_14eb8dac.jpg
2026-01-18 18:58:37 [INFO]   ✓ Baixado: extravasation_injuries_0016_14eb8dac.jpg
2026-01-18 18:58:37 [INFO]   [17/21] extravasation_injuries_0017_0ffa20d5.jpg
2026-01-18 18:58:39 [INFO]   ✓ Baixado: extravasation_injuries_0017_0ffa20d5.jpg
2026-01-18 18:58:39 [INFO]   [18/21] extravasation_injuries_0018_8218ad55.jpg
2026-01-18 18:58:41 [INFO]   ✓ Baixado: extravasation_injuries_0018_8218ad55.jpg
2026-01-18 18:58:41 [INFO]   [19/21] extravasation_injuries_0019_34489b88.jpg
2026-01-18 18:58:43 [INFO]   ✓ Baixado: extravasation_injuries_0019_34489b88.jpg
2026-01-18 18:58:43 [INFO]   [20/21] extravasation_injuries_0020_f6aa8378.jpg
2026-01-18 18:58:45 [INFO]   ✓ Baixado: extravasation_injuries_0020_f6aa8378.jpg
2026-01-18 18:58:45 [INFO]   [21/21] extravasation_injuries_0021_5e5219ba.jpg
2026-01-18 18:58:46 [INFO]   ✓ Baixado: extravasation_injuries_0021_5e5219ba.jpg
2026-01-18 18:58:46 [INFO] Categoria Extravasation injuries,: 21/21 imagens
2026-01-18 18:58:46 [INFO] 
Baixando categoria: Diabetic foot ulcers,
2026-01-18 18:58:46 [INFO] Total de imagens: 49
2026-01-18 18:58:46 [INFO]   [1/49] diabetic_foot_ulcers_0001_e2cfdafb.jpg
2026-01-18 18:58:48 [INFO]   ✓ Baixado: diabetic_foot_ulcers_0001_e2cfdafb.jpg
2026-01-18 18:58:48 [INFO]   [2/49] diabetic_foot_ulcers_0002_46cacb89.jpg
2026-01-18 18:58:50 [INFO]   ✓ Baixado: diabetic_foot_ulcers_0002_46cacb89.jpg
2026-01-18 18:58:50 [INFO]   [3/49] diabetic_foot_ulcers_0003_d8cbae00.jpg
2026-01-18 18:58:52 [INFO]   ✓ Baixado: diabetic_foot_ulcers_0003_d8cbae00.jpg
2026-01-18 18:58:52 [INFO]   [4/49] diabetic_foot_ulcers_0004_2a19e348.jpg
2026-01-18 18:58:54 [INFO]   ✓ Baixado: diabetic_foot_ulcers_0004_2a19e348.jpg
2026-01-18 18:58:54 [INFO]   [5/49] diabetic_foot_ulcers_0005_0cad1c49.jpg
2026-01-18 18:58:56 [INFO]   ✓ Baixado: diabetic_foot_ulcers_0005_0cad1c49.jpg
2026-01-18 18:58:56 [INFO]   [6/49] diabetic_foot_ulcers_0006_17503b5e.jpg
2026-01-18 18:58:58 [INFO]   ✓ Baixado: diabetic_foot_ulcers_0006_17503b5e.jpg
2026-01-18 18:58:58 [INFO]   [7/49] diabetic_foot_ulcers_0007_bd469092.jpg
2026-01-18 18:59:00 [INFO]   ✓ Baixado: diabetic_foot_ulcers_0007_bd469092.jpg
2026-01-18 18:59:00 [INFO]   [8/49] diabetic_foot_ulcers_0008_7d4118f7.jpg
2026-01-18 18:59:01 [INFO]   ✓ Baixado: diabetic_foot_ulcers_0008_7d4118f7.jpg
2026-01-18 18:59:01 [INFO]   [9/49] diabetic_foot_ulcers_0009_a5c8f9ce.jpg
2026-01-18 18:59:03 [INFO]   ✓ Baixado: diabetic_foot_ulcers_0009_a5c8f9ce.jpg
2026-01-18 18:59:03 [INFO]   [10/49] diabetic_foot_ulcers_0010_09338e20.jpg
2026-01-18 18:59:05 [INFO]   ✓ Baixado: diabetic_foot_ulcers_0010_09338e20.jpg
2026-01-18 18:59:05 [INFO]   [11/49] diabetic_foot_ulcers_0011_5367f4a8.jpg
2026-01-18 18:59:07 [INFO]   ✓ Baixado: diabetic_foot_ulcers_0011_5367f4a8.jpg
2026-01-18 18:59:07 [INFO]   [12/49] diabetic_foot_ulcers_0012_f9514331.jpg
2026-01-18 18:59:09 [INFO]   ✓ Baixado: diabetic_foot_ulcers_0012_f9514331.jpg
2026-01-18 18:59:09 [INFO]   [13/49] diabetic_foot_ulcers_0013_9b08320c.jpg
2026-01-18 18:59:11 [INFO]   ✓ Baixado: diabetic_foot_ulcers_0013_9b08320c.jpg
2026-01-18 18:59:11 [INFO]   [14/49] diabetic_foot_ulcers_0014_2a359279.jpg
2026-01-18 18:59:12 [INFO]   ✓ Baixado: diabetic_foot_ulcers_0014_2a359279.jpg
2026-01-18 18:59:12 [INFO]   [15/49] diabetic_foot_ulcers_0015_c39b9977.jpg
2026-01-18 18:59:14 [INFO]   ✓ Baixado: diabetic_foot_ulcers_0015_c39b9977.jpg
2026-01-18 18:59:14 [INFO]   [16/49] diabetic_foot_ulcers_0016_bc7cca6e.jpg
2026-01-18 18:59:16 [INFO]   ✓ Baixado: diabetic_foot_ulcers_0016_bc7cca6e.jpg
2026-01-18 18:59:16 [INFO]   [17/49] diabetic_foot_ulcers_0017_f92ef125.jpg
2026-01-18 18:59:18 [INFO]   ✓ Baixado: diabetic_foot_ulcers_0017_f92ef125.jpg
2026-01-18 18:59:18 [INFO]   [18/49] diabetic_foot_ulcers_0018_2dbfe69e.jpg
2026-01-18 18:59:20 [INFO]   ✓ Baixado: diabetic_foot_ulcers_0018_2dbfe69e.jpg
2026-01-18 18:59:20 [INFO]   [19/49] diabetic_foot_ulcers_0019_5d73864d.jpg
2026-01-18 18:59:22 [INFO]   ✓ Baixado: diabetic_foot_ulcers_0019_5d73864d.jpg
2026-01-18 18:59:22 [INFO]   [20/49] diabetic_foot_ulcers_0020_7efd0be1.jpg
2026-01-18 18:59:24 [INFO]   ✓ Baixado: diabetic_foot_ulcers_0020_7efd0be1.jpg
2026-01-18 18:59:24 [INFO]   [21/49] diabetic_foot_ulcers_0021_9318601a.jpg
2026-01-18 18:59:25 [INFO]   ✓ Baixado: diabetic_foot_ulcers_0021_9318601a.jpg
2026-01-18 18:59:25 [INFO]   [22/49] diabetic_foot_ulcers_0022_a8094e3c.jpg
2026-01-18 18:59:27 [INFO]   ✓ Baixado: diabetic_foot_ulcers_0022_a8094e3c.jpg
2026-01-18 18:59:27 [INFO]   [23/49] diabetic_foot_ulcers_0023_cc477af1.jpg
2026-01-18 18:59:29 [INFO]   ✓ Baixado: diabetic_foot_ulcers_0023_cc477af1.jpg
2026-01-18 18:59:29 [INFO]   [24/49] diabetic_foot_ulcers_0024_69f7a33d.jpg
2026-01-18 18:59:31 [INFO]   ✓ Baixado: diabetic_foot_ulcers_0024_69f7a33d.jpg
2026-01-18 18:59:31 [INFO]   [25/49] diabetic_foot_ulcers_0025_4419b490.jpg
2026-01-18 18:59:33 [INFO]   ✓ Baixado: diabetic_foot_ulcers_0025_4419b490.jpg
2026-01-18 18:59:33 [INFO]   [26/49] diabetic_foot_ulcers_0026_bc6e352d.jpg
2026-01-18 18:59:35 [INFO]   ✓ Baixado: diabetic_foot_ulcers_0026_bc6e352d.jpg
2026-01-18 18:59:35 [INFO]   [27/49] diabetic_foot_ulcers_0027_379ef948.jpg
2026-01-18 18:59:36 [INFO]   ✓ Baixado: diabetic_foot_ulcers_0027_379ef948.jpg
2026-01-18 18:59:36 [INFO]   [28/49] diabetic_foot_ulcers_0028_55f5b10c.jpg
2026-01-18 18:59:38 [INFO]   ✓ Baixado: diabetic_foot_ulcers_0028_55f5b10c.jpg
2026-01-18 18:59:38 [INFO]   [29/49] diabetic_foot_ulcers_0029_c9778818.jpg
2026-01-18 18:59:40 [INFO]   ✓ Baixado: diabetic_foot_ulcers_0029_c9778818.jpg
2026-01-18 18:59:40 [INFO]   [30/49] diabetic_foot_ulcers_0030_8205d543.jpg
2026-01-18 18:59:42 [INFO]   ✓ Baixado: diabetic_foot_ulcers_0030_8205d543.jpg
2026-01-18 18:59:42 [INFO]   [31/49] diabetic_foot_ulcers_0031_0873a51d.jpg
2026-01-18 18:59:44 [INFO]   ✓ Baixado: diabetic_foot_ulcers_0031_0873a51d.jpg
2026-01-18 18:59:44 [INFO]   [32/49] diabetic_foot_ulcers_0032_5ecbb33e.jpg
2026-01-18 18:59:46 [INFO]   ✓ Baixado: diabetic_foot_ulcers_0032_5ecbb33e.jpg
2026-01-18 18:59:46 [INFO]   [33/49] diabetic_foot_ulcers_0033_4cfeef27.jpg
2026-01-18 18:59:47 [INFO]   ✓ Baixado: diabetic_foot_ulcers_0033_4cfeef27.jpg
2026-01-18 18:59:47 [INFO]   [34/49] diabetic_foot_ulcers_0034_c7860c67.jpg
2026-01-18 18:59:49 [INFO]   ✓ Baixado: diabetic_foot_ulcers_0034_c7860c67.jpg
2026-01-18 18:59:49 [INFO]   [35/49] diabetic_foot_ulcers_0035_67c66b62.jpg
2026-01-18 18:59:51 [INFO]   ✓ Baixado: diabetic_foot_ulcers_0035_67c66b62.jpg
2026-01-18 18:59:51 [INFO]   [36/49] diabetic_foot_ulcers_0036_a711f0bc.jpg
2026-01-18 18:59:53 [INFO]   ✓ Baixado: diabetic_foot_ulcers_0036_a711f0bc.jpg
2026-01-18 18:59:53 [INFO]   [37/49] diabetic_foot_ulcers_0037_47b37efd.jpg
2026-01-18 18:59:55 [INFO]   ✓ Baixado: diabetic_foot_ulcers_0037_47b37efd.jpg
2026-01-18 18:59:55 [INFO]   [38/49] diabetic_foot_ulcers_0038_de512b64.jpg
2026-01-18 18:59:57 [INFO]   ✓ Baixado: diabetic_foot_ulcers_0038_de512b64.jpg
2026-01-18 18:59:57 [INFO]   [39/49] diabetic_foot_ulcers_0039_1f4f9436.jpg
2026-01-18 18:59:59 [INFO]   ✓ Baixado: diabetic_foot_ulcers_0039_1f4f9436.jpg
2026-01-18 18:59:59 [INFO]   [40/49] diabetic_foot_ulcers_0040_3342f360.jpg
2026-01-18 19:00:00 [INFO]   ✓ Baixado: diabetic_foot_ulcers_0040_3342f360.jpg
2026-01-18 19:00:00 [INFO]   [41/49] diabetic_foot_ulcers_0041_75c0f47a.jpg
2026-01-18 19:00:02 [INFO]   ✓ Baixado: diabetic_foot_ulcers_0041_75c0f47a.jpg
2026-01-18 19:00:02 [INFO]   [42/49] diabetic_foot_ulcers_0042_1f53fde7.jpg
2026-01-18 19:00:04 [INFO]   ✓ Baixado: diabetic_foot_ulcers_0042_1f53fde7.jpg
2026-01-18 19:00:04 [INFO]   [43/49] diabetic_foot_ulcers_0043_18465e31.jpg
2026-01-18 19:00:06 [INFO]   ✓ Baixado: diabetic_foot_ulcers_0043_18465e31.jpg
2026-01-18 19:00:06 [INFO]   [44/49] diabetic_foot_ulcers_0044_fcb8a478.jpg
2026-01-18 19:00:08 [INFO]   ✓ Baixado: diabetic_foot_ulcers_0044_fcb8a478.jpg
2026-01-18 19:00:08 [INFO]   [45/49] diabetic_foot_ulcers_0045_cdc9fa04.jpg
2026-01-18 19:00:10 [INFO]   ✓ Baixado: diabetic_foot_ulcers_0045_cdc9fa04.jpg
2026-01-18 19:00:10 [INFO]   [46/49] diabetic_foot_ulcers_0046_4ac2d8a9.jpg
2026-01-18 19:00:11 [INFO]   ✓ Baixado: diabetic_foot_ulcers_0046_4ac2d8a9.jpg
2026-01-18 19:00:11 [INFO]   [47/49] diabetic_foot_ulcers_0047_2cc65ad2.jpg
2026-01-18 19:00:13 [INFO]   ✓ Baixado: diabetic_foot_ulcers_0047_2cc65ad2.jpg
2026-01-18 19:00:13 [INFO]   [48/49] diabetic_foot_ulcers_0048_4755177f.jpg
2026-01-18 19:00:15 [INFO]   ✓ Baixado: diabetic_foot_ulcers_0048_4755177f.jpg
2026-01-18 19:00:15 [INFO]   [49/49] diabetic_foot_ulcers_0049_8912801a.jpg
2026-01-18 19:00:17 [INFO]   ✓ Baixado: diabetic_foot_ulcers_0049_8912801a.jpg
2026-01-18 19:00:17 [INFO] Categoria Diabetic foot ulcers,: 49/49 imagens
2026-01-18 19:00:17 [INFO] 
Baixando categoria: Haemangiomas,
2026-01-18 19:00:17 [INFO] Total de imagens: 7
2026-01-18 19:00:17 [INFO]   [1/7] haemangiomas_0001_74575843.jpg
2026-01-18 19:00:19 [INFO]   ✓ Baixado: haemangiomas_0001_74575843.jpg
2026-01-18 19:00:19 [INFO]   [2/7] haemangiomas_0002_023c0d99.jpg
2026-01-18 19:00:21 [INFO]   ✓ Baixado: haemangiomas_0002_023c0d99.jpg
2026-01-18 19:00:21 [INFO]   [3/7] haemangiomas_0003_c3f061e8.jpg
2026-01-18 19:00:23 [INFO]   ✓ Baixado: haemangiomas_0003_c3f061e8.jpg
2026-01-18 19:00:23 [INFO]   [4/7] haemangiomas_0004_16cb8e18.jpg
2026-01-18 19:00:24 [INFO]   ✓ Baixado: haemangiomas_0004_16cb8e18.jpg
2026-01-18 19:00:24 [INFO]   [5/7] haemangiomas_0005_77e86fe8.jpg
2026-01-18 19:00:26 [INFO]   ✓ Baixado: haemangiomas_0005_77e86fe8.jpg
2026-01-18 19:00:26 [INFO]   [6/7] haemangiomas_0006_c8590cc9.jpg
2026-01-18 19:00:28 [INFO]   ✓ Baixado: haemangiomas_0006_c8590cc9.jpg
2026-01-18 19:00:28 [INFO]   [7/7] haemangiomas_0007_9847817e.jpg
2026-01-18 19:00:30 [INFO]   ✓ Baixado: haemangiomas_0007_9847817e.jpg
2026-01-18 19:00:30 [INFO] Categoria Haemangiomas,: 7/7 imagens
2026-01-18 19:00:30 [INFO] 
Baixando categoria: Venous ulcers and arterial ulcers - Set 1,
2026-01-18 19:00:30 [INFO] Total de imagens: 85
2026-01-18 19:00:30 [INFO]   [1/85] venous_ulcers_and_arterial_ulcers_set_1_0001_b43cc1cb.jpg
2026-01-18 19:00:32 [INFO]   ✓ Baixado: venous_ulcers_and_arterial_ulcers_set_1_0001_b43cc1cb.jpg
2026-01-18 19:00:32 [INFO]   [2/85] venous_ulcers_and_arterial_ulcers_set_1_0002_16237802.jpg
2026-01-18 19:00:34 [INFO]   ✓ Baixado: venous_ulcers_and_arterial_ulcers_set_1_0002_16237802.jpg
2026-01-18 19:00:34 [INFO]   [3/85] venous_ulcers_and_arterial_ulcers_set_1_0003_ff9cb93e.jpg
2026-01-18 19:00:36 [INFO]   ✓ Baixado: venous_ulcers_and_arterial_ulcers_set_1_0003_ff9cb93e.jpg
2026-01-18 19:00:36 [INFO]   [4/85] venous_ulcers_and_arterial_ulcers_set_1_0004_8f49ade5.jpg
2026-01-18 19:00:38 [INFO]   ✓ Baixado: venous_ulcers_and_arterial_ulcers_set_1_0004_8f49ade5.jpg
2026-01-18 19:00:38 [INFO]   [5/85] venous_ulcers_and_arterial_ulcers_set_1_0005_eb54c4fe.jpg
2026-01-18 19:00:39 [INFO]   ✓ Baixado: venous_ulcers_and_arterial_ulcers_set_1_0005_eb54c4fe.jpg
2026-01-18 19:00:39 [INFO]   [6/85] venous_ulcers_and_arterial_ulcers_set_1_0006_345e6194.jpg
2026-01-18 19:00:41 [INFO]   ✓ Baixado: venous_ulcers_and_arterial_ulcers_set_1_0006_345e6194.jpg
2026-01-18 19:00:41 [INFO]   [7/85] venous_ulcers_and_arterial_ulcers_set_1_0007_583fae99.jpg
2026-01-18 19:00:43 [INFO]   ✓ Baixado: venous_ulcers_and_arterial_ulcers_set_1_0007_583fae99.jpg
2026-01-18 19:00:43 [INFO]   [8/85] venous_ulcers_and_arterial_ulcers_set_1_0008_3dccbad3.jpg
2026-01-18 19:00:45 [INFO]   ✓ Baixado: venous_ulcers_and_arterial_ulcers_set_1_0008_3dccbad3.jpg
2026-01-18 19:00:45 [INFO]   [9/85] venous_ulcers_and_arterial_ulcers_set_1_0009_d6e4454b.jpg
2026-01-18 19:00:47 [INFO]   ✓ Baixado: venous_ulcers_and_arterial_ulcers_set_1_0009_d6e4454b.jpg
2026-01-18 19:00:47 [INFO]   [10/85] venous_ulcers_and_arterial_ulcers_set_1_0010_76a67e65.jpg
2026-01-18 19:00:49 [INFO]   ✓ Baixado: venous_ulcers_and_arterial_ulcers_set_1_0010_76a67e65.jpg
2026-01-18 19:00:49 [INFO]   [11/85] venous_ulcers_and_arterial_ulcers_set_1_0011_ce276553.jpg
2026-01-18 19:00:50 [INFO]   ✓ Baixado: venous_ulcers_and_arterial_ulcers_set_1_0011_ce276553.jpg
2026-01-18 19:00:50 [INFO]   [12/85] venous_ulcers_and_arterial_ulcers_set_1_0012_c360c990.jpg
2026-01-18 19:00:52 [INFO]   ✓ Baixado: venous_ulcers_and_arterial_ulcers_set_1_0012_c360c990.jpg
2026-01-18 19:00:52 [INFO]   [13/85] venous_ulcers_and_arterial_ulcers_set_1_0013_6c2ab05a.jpg
2026-01-18 19:00:54 [INFO]   ✓ Baixado: venous_ulcers_and_arterial_ulcers_set_1_0013_6c2ab05a.jpg
2026-01-18 19:00:54 [INFO]   [14/85] venous_ulcers_and_arterial_ulcers_set_1_0014_9fd597e9.jpg
2026-01-18 19:00:56 [INFO]   ✓ Baixado: venous_ulcers_and_arterial_ulcers_set_1_0014_9fd597e9.jpg
2026-01-18 19:00:56 [INFO]   [15/85] venous_ulcers_and_arterial_ulcers_set_1_0015_dfb5e1b0.jpg
2026-01-18 19:00:58 [INFO]   ✓ Baixado: venous_ulcers_and_arterial_ulcers_set_1_0015_dfb5e1b0.jpg
2026-01-18 19:00:58 [INFO]   [16/85] venous_ulcers_and_arterial_ulcers_set_1_0016_3d81e5d2.jpg
2026-01-18 19:01:00 [INFO]   ✓ Baixado: venous_ulcers_and_arterial_ulcers_set_1_0016_3d81e5d2.jpg
2026-01-18 19:01:00 [INFO]   [17/85] venous_ulcers_and_arterial_ulcers_set_1_0017_fcce0515.jpg
2026-01-18 19:01:02 [INFO]   ✓ Baixado: venous_ulcers_and_arterial_ulcers_set_1_0017_fcce0515.jpg
2026-01-18 19:01:02 [INFO]   [18/85] venous_ulcers_and_arterial_ulcers_set_1_0018_8b564a00.jpg
2026-01-18 19:01:04 [INFO]   ✓ Baixado: venous_ulcers_and_arterial_ulcers_set_1_0018_8b564a00.jpg
2026-01-18 19:01:04 [INFO]   [19/85] venous_ulcers_and_arterial_ulcers_set_1_0019_8f6ffbe7.jpg
2026-01-18 19:01:05 [INFO]   ✓ Baixado: venous_ulcers_and_arterial_ulcers_set_1_0019_8f6ffbe7.jpg
2026-01-18 19:01:05 [INFO]   [20/85] venous_ulcers_and_arterial_ulcers_set_1_0020_6e5b3df5.jpg
2026-01-18 19:01:07 [INFO]   ✓ Baixado: venous_ulcers_and_arterial_ulcers_set_1_0020_6e5b3df5.jpg
2026-01-18 19:01:07 [INFO]   [21/85] venous_ulcers_and_arterial_ulcers_set_1_0021_f0ca5198.jpg
2026-01-18 19:01:09 [INFO]   ✓ Baixado: venous_ulcers_and_arterial_ulcers_set_1_0021_f0ca5198.jpg
2026-01-18 19:01:09 [INFO]   [22/85] venous_ulcers_and_arterial_ulcers_set_1_0022_349f1075.jpg
2026-01-18 19:01:11 [INFO]   ✓ Baixado: venous_ulcers_and_arterial_ulcers_set_1_0022_349f1075.jpg
2026-01-18 19:01:11 [INFO]   [23/85] venous_ulcers_and_arterial_ulcers_set_1_0023_515b06e1.jpg
2026-01-18 19:01:13 [INFO]   ✓ Baixado: venous_ulcers_and_arterial_ulcers_set_1_0023_515b06e1.jpg
2026-01-18 19:01:13 [INFO]   [24/85] venous_ulcers_and_arterial_ulcers_set_1_0024_276fe427.jpg
2026-01-18 19:01:15 [INFO]   ✓ Baixado: venous_ulcers_and_arterial_ulcers_set_1_0024_276fe427.jpg
2026-01-18 19:01:15 [INFO]   [25/85] venous_ulcers_and_arterial_ulcers_set_1_0025_a99fd162.jpg
2026-01-18 19:01:16 [INFO]   ✓ Baixado: venous_ulcers_and_arterial_ulcers_set_1_0025_a99fd162.jpg
2026-01-18 19:01:16 [INFO]   [26/85] venous_ulcers_and_arterial_ulcers_set_1_0026_40edc3fb.jpg
2026-01-18 19:01:18 [INFO]   ✓ Baixado: venous_ulcers_and_arterial_ulcers_set_1_0026_40edc3fb.jpg
2026-01-18 19:01:18 [INFO]   [27/85] venous_ulcers_and_arterial_ulcers_set_1_0027_1329aa26.jpg
2026-01-18 19:01:20 [INFO]   ✓ Baixado: venous_ulcers_and_arterial_ulcers_set_1_0027_1329aa26.jpg
2026-01-18 19:01:20 [INFO]   [28/85] venous_ulcers_and_arterial_ulcers_set_1_0028_a9e1c012.jpg
2026-01-18 19:01:22 [INFO]   ✓ Baixado: venous_ulcers_and_arterial_ulcers_set_1_0028_a9e1c012.jpg
2026-01-18 19:01:22 [INFO]   [29/85] venous_ulcers_and_arterial_ulcers_set_1_0029_dd4cc344.jpg
2026-01-18 19:01:24 [INFO]   ✓ Baixado: venous_ulcers_and_arterial_ulcers_set_1_0029_dd4cc344.jpg
2026-01-18 19:01:24 [INFO]   [30/85] venous_ulcers_and_arterial_ulcers_set_1_0030_e2d4a2c9.jpg
2026-01-18 19:01:26 [INFO]   ✓ Baixado: venous_ulcers_and_arterial_ulcers_set_1_0030_e2d4a2c9.jpg
2026-01-18 19:01:26 [INFO]   [31/85] venous_ulcers_and_arterial_ulcers_set_1_0031_12dbc685.jpg
2026-01-18 19:01:27 [INFO]   ✓ Baixado: venous_ulcers_and_arterial_ulcers_set_1_0031_12dbc685.jpg
2026-01-18 19:01:27 [INFO]   [32/85] venous_ulcers_and_arterial_ulcers_set_1_0032_f7e014f3.jpg
2026-01-18 19:01:29 [INFO]   ✓ Baixado: venous_ulcers_and_arterial_ulcers_set_1_0032_f7e014f3.jpg
2026-01-18 19:01:29 [INFO]   [33/85] venous_ulcers_and_arterial_ulcers_set_1_0033_f96d040b.jpg
2026-01-18 19:01:31 [INFO]   ✓ Baixado: venous_ulcers_and_arterial_ulcers_set_1_0033_f96d040b.jpg
2026-01-18 19:01:31 [INFO]   [34/85] venous_ulcers_and_arterial_ulcers_set_1_0034_04dfdf20.jpg
2026-01-18 19:01:33 [INFO]   ✓ Baixado: venous_ulcers_and_arterial_ulcers_set_1_0034_04dfdf20.jpg
2026-01-18 19:01:33 [INFO]   [35/85] venous_ulcers_and_arterial_ulcers_set_1_0035_d0bce6ae.jpg
2026-01-18 19:01:35 [INFO]   ✓ Baixado: venous_ulcers_and_arterial_ulcers_set_1_0035_d0bce6ae.jpg
2026-01-18 19:01:35 [INFO]   [36/85] venous_ulcers_and_arterial_ulcers_set_1_0036_42a395d9.jpg
2026-01-18 19:01:37 [INFO]   ✓ Baixado: venous_ulcers_and_arterial_ulcers_set_1_0036_42a395d9.jpg
2026-01-18 19:01:37 [INFO]   [37/85] venous_ulcers_and_arterial_ulcers_set_1_0037_b7b58a3a.jpg
2026-01-18 19:01:38 [INFO]   ✓ Baixado: venous_ulcers_and_arterial_ulcers_set_1_0037_b7b58a3a.jpg
2026-01-18 19:01:38 [INFO]   [38/85] venous_ulcers_and_arterial_ulcers_set_1_0038_9ee7bb54.jpg
2026-01-18 19:01:40 [INFO]   ✓ Baixado: venous_ulcers_and_arterial_ulcers_set_1_0038_9ee7bb54.jpg
2026-01-18 19:01:40 [INFO]   [39/85] venous_ulcers_and_arterial_ulcers_set_1_0039_8e399b39.jpg
2026-01-18 19:01:42 [INFO]   ✓ Baixado: venous_ulcers_and_arterial_ulcers_set_1_0039_8e399b39.jpg
2026-01-18 19:01:42 [INFO]   [40/85] venous_ulcers_and_arterial_ulcers_set_1_0040_464605eb.jpg
2026-01-18 19:01:44 [INFO]   ✓ Baixado: venous_ulcers_and_arterial_ulcers_set_1_0040_464605eb.jpg
2026-01-18 19:01:44 [INFO]   [41/85] venous_ulcers_and_arterial_ulcers_set_1_0041_c8be8b95.jpg
2026-01-18 19:01:46 [INFO]   ✓ Baixado: venous_ulcers_and_arterial_ulcers_set_1_0041_c8be8b95.jpg
2026-01-18 19:01:46 [INFO]   [42/85] venous_ulcers_and_arterial_ulcers_set_1_0042_f72c9f38.jpg
2026-01-18 19:01:48 [INFO]   ✓ Baixado: venous_ulcers_and_arterial_ulcers_set_1_0042_f72c9f38.jpg
2026-01-18 19:01:48 [INFO]   [43/85] venous_ulcers_and_arterial_ulcers_set_1_0043_605d010d.jpg
2026-01-18 19:01:50 [INFO]   ✓ Baixado: venous_ulcers_and_arterial_ulcers_set_1_0043_605d010d.jpg
2026-01-18 19:01:50 [INFO]   [44/85] venous_ulcers_and_arterial_ulcers_set_1_0044_24fdf759.jpg
2026-01-18 19:01:51 [INFO]   ✓ Baixado: venous_ulcers_and_arterial_ulcers_set_1_0044_24fdf759.jpg
2026-01-18 19:01:51 [INFO]   [45/85] venous_ulcers_and_arterial_ulcers_set_1_0045_f89401e6.jpg
2026-01-18 19:01:53 [INFO]   ✓ Baixado: venous_ulcers_and_arterial_ulcers_set_1_0045_f89401e6.jpg
2026-01-18 19:01:53 [INFO]   [46/85] venous_ulcers_and_arterial_ulcers_set_1_0046_b5c245fd.jpg
2026-01-18 19:01:55 [INFO]   ✓ Baixado: venous_ulcers_and_arterial_ulcers_set_1_0046_b5c245fd.jpg
2026-01-18 19:01:55 [INFO]   [47/85] venous_ulcers_and_arterial_ulcers_set_1_0047_dfb23b41.jpg
2026-01-18 19:01:57 [INFO]   ✓ Baixado: venous_ulcers_and_arterial_ulcers_set_1_0047_dfb23b41.jpg
2026-01-18 19:01:57 [INFO]   [48/85] venous_ulcers_and_arterial_ulcers_set_1_0048_007dad50.jpg
2026-01-18 19:01:59 [INFO]   ✓ Baixado: venous_ulcers_and_arterial_ulcers_set_1_0048_007dad50.jpg
2026-01-18 19:01:59 [INFO]   [49/85] venous_ulcers_and_arterial_ulcers_set_1_0049_d745e84b.jpg
2026-01-18 19:02:01 [INFO]   ✓ Baixado: venous_ulcers_and_arterial_ulcers_set_1_0049_d745e84b.jpg
2026-01-18 19:02:01 [INFO]   [50/85] venous_ulcers_and_arterial_ulcers_set_1_0050_549b56d9.jpg
2026-01-18 19:02:02 [INFO]   ✓ Baixado: venous_ulcers_and_arterial_ulcers_set_1_0050_549b56d9.jpg
2026-01-18 19:02:02 [INFO]   [51/85] venous_ulcers_and_arterial_ulcers_set_1_0051_1e76f07b.jpg
2026-01-18 19:02:04 [INFO]   ✓ Baixado: venous_ulcers_and_arterial_ulcers_set_1_0051_1e76f07b.jpg
2026-01-18 19:02:04 [INFO]   [52/85] venous_ulcers_and_arterial_ulcers_set_1_0052_9a06042d.jpg
2026-01-18 19:02:06 [INFO]   ✓ Baixado: venous_ulcers_and_arterial_ulcers_set_1_0052_9a06042d.jpg
2026-01-18 19:02:06 [INFO]   [53/85] venous_ulcers_and_arterial_ulcers_set_1_0053_45967026.jpg
2026-01-18 19:02:08 [INFO]   ✓ Baixado: venous_ulcers_and_arterial_ulcers_set_1_0053_45967026.jpg
2026-01-18 19:02:08 [INFO]   [54/85] venous_ulcers_and_arterial_ulcers_set_1_0054_e1467f59.jpg
2026-01-18 19:02:10 [INFO]   ✓ Baixado: venous_ulcers_and_arterial_ulcers_set_1_0054_e1467f59.jpg
2026-01-18 19:02:10 [INFO]   [55/85] venous_ulcers_and_arterial_ulcers_set_1_0055_39d83a7c.jpg
2026-01-18 19:02:12 [INFO]   ✓ Baixado: venous_ulcers_and_arterial_ulcers_set_1_0055_39d83a7c.jpg
2026-01-18 19:02:12 [INFO]   [56/85] venous_ulcers_and_arterial_ulcers_set_1_0056_13ceed8b.jpg
2026-01-18 19:02:13 [INFO]   ✓ Baixado: venous_ulcers_and_arterial_ulcers_set_1_0056_13ceed8b.jpg
2026-01-18 19:02:13 [INFO]   [57/85] venous_ulcers_and_arterial_ulcers_set_1_0057_db6815b8.jpg
2026-01-18 19:02:15 [INFO]   ✓ Baixado: venous_ulcers_and_arterial_ulcers_set_1_0057_db6815b8.jpg
2026-01-18 19:02:15 [INFO]   [58/85] venous_ulcers_and_arterial_ulcers_set_1_0058_835cdba4.jpg
2026-01-18 19:02:17 [INFO]   ✓ Baixado: venous_ulcers_and_arterial_ulcers_set_1_0058_835cdba4.jpg
2026-01-18 19:02:17 [INFO]   [59/85] venous_ulcers_and_arterial_ulcers_set_1_0059_6856a7f2.jpg
2026-01-18 19:02:19 [INFO]   ✓ Baixado: venous_ulcers_and_arterial_ulcers_set_1_0059_6856a7f2.jpg
2026-01-18 19:02:19 [INFO]   [60/85] venous_ulcers_and_arterial_ulcers_set_1_0060_1c2c6567.jpg
2026-01-18 19:02:21 [INFO]   ✓ Baixado: venous_ulcers_and_arterial_ulcers_set_1_0060_1c2c6567.jpg
2026-01-18 19:02:21 [INFO]   [61/85] venous_ulcers_and_arterial_ulcers_set_1_0061_c6edbf18.jpg
2026-01-18 19:02:23 [INFO]   ✓ Baixado: venous_ulcers_and_arterial_ulcers_set_1_0061_c6edbf18.jpg
2026-01-18 19:02:23 [INFO]   [62/85] venous_ulcers_and_arterial_ulcers_set_1_0062_74c7d953.jpg
2026-01-18 19:02:25 [INFO]   ✓ Baixado: venous_ulcers_and_arterial_ulcers_set_1_0062_74c7d953.jpg
2026-01-18 19:02:25 [INFO]   [63/85] venous_ulcers_and_arterial_ulcers_set_1_0063_5fb0618f.jpg
2026-01-18 19:02:27 [INFO]   ✓ Baixado: venous_ulcers_and_arterial_ulcers_set_1_0063_5fb0618f.jpg
2026-01-18 19:02:27 [INFO]   [64/85] venous_ulcers_and_arterial_ulcers_set_1_0064_a2782cac.jpg
2026-01-18 19:02:29 [INFO]   ✓ Baixado: venous_ulcers_and_arterial_ulcers_set_1_0064_a2782cac.jpg
2026-01-18 19:02:29 [INFO]   [65/85] venous_ulcers_and_arterial_ulcers_set_1_0065_653c1fe8.jpg
2026-01-18 19:02:30 [INFO]   ✓ Baixado: venous_ulcers_and_arterial_ulcers_set_1_0065_653c1fe8.jpg
2026-01-18 19:02:30 [INFO]   [66/85] venous_ulcers_and_arterial_ulcers_set_1_0066_ed878c7f.jpg
2026-01-18 19:02:32 [INFO]   ✓ Baixado: venous_ulcers_and_arterial_ulcers_set_1_0066_ed878c7f.jpg
2026-01-18 19:02:32 [INFO]   [67/85] venous_ulcers_and_arterial_ulcers_set_1_0067_c0e769a2.jpg
2026-01-18 19:02:34 [INFO]   ✓ Baixado: venous_ulcers_and_arterial_ulcers_set_1_0067_c0e769a2.jpg
2026-01-18 19:02:34 [INFO]   [68/85] venous_ulcers_and_arterial_ulcers_set_1_0068_037dd67d.jpg
2026-01-18 19:02:36 [INFO]   ✓ Baixado: venous_ulcers_and_arterial_ulcers_set_1_0068_037dd67d.jpg
2026-01-18 19:02:36 [INFO]   [69/85] venous_ulcers_and_arterial_ulcers_set_1_0069_5ca8d49e.jpg
2026-01-18 19:02:38 [INFO]   ✓ Baixado: venous_ulcers_and_arterial_ulcers_set_1_0069_5ca8d49e.jpg
2026-01-18 19:02:38 [INFO]   [70/85] venous_ulcers_and_arterial_ulcers_set_1_0070_3c152c6d.jpg
2026-01-18 19:02:40 [INFO]   ✓ Baixado: venous_ulcers_and_arterial_ulcers_set_1_0070_3c152c6d.jpg
2026-01-18 19:02:40 [INFO]   [71/85] venous_ulcers_and_arterial_ulcers_set_1_0071_dbe17ae9.jpg
2026-01-18 19:02:42 [INFO]   ✓ Baixado: venous_ulcers_and_arterial_ulcers_set_1_0071_dbe17ae9.jpg
2026-01-18 19:02:42 [INFO]   [72/85] venous_ulcers_and_arterial_ulcers_set_1_0072_dbdf9482.jpg
2026-01-18 19:02:43 [INFO]   ✓ Baixado: venous_ulcers_and_arterial_ulcers_set_1_0072_dbdf9482.jpg
2026-01-18 19:02:43 [INFO]   [73/85] venous_ulcers_and_arterial_ulcers_set_1_0073_a2c60f0d.jpg
2026-01-18 19:02:45 [INFO]   ✓ Baixado: venous_ulcers_and_arterial_ulcers_set_1_0073_a2c60f0d.jpg
2026-01-18 19:02:45 [INFO]   [74/85] venous_ulcers_and_arterial_ulcers_set_1_0074_37430e3f.jpg
2026-01-18 19:02:47 [INFO]   ✓ Baixado: venous_ulcers_and_arterial_ulcers_set_1_0074_37430e3f.jpg
2026-01-18 19:02:47 [INFO]   [75/85] venous_ulcers_and_arterial_ulcers_set_1_0075_13681fc2.jpg
2026-01-18 19:02:49 [INFO]   ✓ Baixado: venous_ulcers_and_arterial_ulcers_set_1_0075_13681fc2.jpg
2026-01-18 19:02:49 [INFO]   [76/85] venous_ulcers_and_arterial_ulcers_set_1_0076_d110d05e.jpg
2026-01-18 19:02:51 [INFO]   ✓ Baixado: venous_ulcers_and_arterial_ulcers_set_1_0076_d110d05e.jpg
2026-01-18 19:02:51 [INFO]   [77/85] venous_ulcers_and_arterial_ulcers_set_1_0077_23b702ce.jpg
2026-01-18 19:02:53 [INFO]   ✓ Baixado: venous_ulcers_and_arterial_ulcers_set_1_0077_23b702ce.jpg
2026-01-18 19:02:53 [INFO]   [78/85] venous_ulcers_and_arterial_ulcers_set_1_0078_807e85e6.jpg
2026-01-18 19:02:54 [INFO]   ✓ Baixado: venous_ulcers_and_arterial_ulcers_set_1_0078_807e85e6.jpg
2026-01-18 19:02:54 [INFO]   [79/85] venous_ulcers_and_arterial_ulcers_set_1_0079_8a9fd5d4.jpg
2026-01-18 19:02:56 [INFO]   ✓ Baixado: venous_ulcers_and_arterial_ulcers_set_1_0079_8a9fd5d4.jpg
2026-01-18 19:02:56 [INFO]   [80/85] venous_ulcers_and_arterial_ulcers_set_1_0080_e480a406.jpg
2026-01-18 19:02:58 [INFO]   ✓ Baixado: venous_ulcers_and_arterial_ulcers_set_1_0080_e480a406.jpg
2026-01-18 19:02:58 [INFO]   [81/85] venous_ulcers_and_arterial_ulcers_set_1_0081_e3b37038.jpg
2026-01-18 19:03:00 [INFO]   ✓ Baixado: venous_ulcers_and_arterial_ulcers_set_1_0081_e3b37038.jpg
2026-01-18 19:03:00 [INFO]   [82/85] venous_ulcers_and_arterial_ulcers_set_1_0082_b80c73a1.jpg
2026-01-18 19:03:02 [INFO]   ✓ Baixado: venous_ulcers_and_arterial_ulcers_set_1_0082_b80c73a1.jpg
2026-01-18 19:03:02 [INFO]   [83/85] venous_ulcers_and_arterial_ulcers_set_1_0083_11b8bf1d.jpg
2026-01-18 19:03:04 [INFO]   ✓ Baixado: venous_ulcers_and_arterial_ulcers_set_1_0083_11b8bf1d.jpg
2026-01-18 19:03:04 [INFO]   [84/85] venous_ulcers_and_arterial_ulcers_set_1_0084_73dbfcd7.jpg
2026-01-18 19:03:06 [INFO]   ✓ Baixado: venous_ulcers_and_arterial_ulcers_set_1_0084_73dbfcd7.jpg
2026-01-18 19:03:06 [INFO]   [85/85] venous_ulcers_and_arterial_ulcers_set_1_0085_443d4501.jpg
2026-01-18 19:03:07 [INFO]   ✓ Baixado: venous_ulcers_and_arterial_ulcers_set_1_0085_443d4501.jpg
2026-01-18 19:03:07 [INFO] Categoria Venous ulcers and arterial ulcers - Set 1,: 85/85 imagens
2026-01-18 19:03:07 [INFO] 
Baixando categoria: Venous and arterial ulcers - Set 2,
2026-01-18 19:03:07 [INFO] Total de imagens: 51
2026-01-18 19:03:07 [INFO]   [1/51] venous_and_arterial_ulcers_set_2_0001_3acdb97f.jpg
2026-01-18 19:03:10 [INFO]   ✓ Baixado: venous_and_arterial_ulcers_set_2_0001_3acdb97f.jpg
2026-01-18 19:03:10 [INFO]   [2/51] venous_and_arterial_ulcers_set_2_0002_a9bb7d4d.jpg
2026-01-18 19:03:11 [INFO]   ✓ Baixado: venous_and_arterial_ulcers_set_2_0002_a9bb7d4d.jpg
2026-01-18 19:03:11 [INFO]   [3/51] venous_and_arterial_ulcers_set_2_0003_bd3ec0aa.jpg
2026-01-18 19:03:13 [INFO]   ✓ Baixado: venous_and_arterial_ulcers_set_2_0003_bd3ec0aa.jpg
2026-01-18 19:03:13 [INFO]   [4/51] venous_and_arterial_ulcers_set_2_0004_7ab8e947.jpg
2026-01-18 19:03:15 [INFO]   ✓ Baixado: venous_and_arterial_ulcers_set_2_0004_7ab8e947.jpg
2026-01-18 19:03:15 [INFO]   [5/51] venous_and_arterial_ulcers_set_2_0005_e5cdf34e.jpg
2026-01-18 19:03:17 [INFO]   ✓ Baixado: venous_and_arterial_ulcers_set_2_0005_e5cdf34e.jpg
2026-01-18 19:03:17 [INFO]   [6/51] venous_and_arterial_ulcers_set_2_0006_b4a201dd.jpg
2026-01-18 19:03:19 [INFO]   ✓ Baixado: venous_and_arterial_ulcers_set_2_0006_b4a201dd.jpg
2026-01-18 19:03:19 [INFO]   [7/51] venous_and_arterial_ulcers_set_2_0007_bb0987bd.jpg
2026-01-18 19:03:21 [INFO]   ✓ Baixado: venous_and_arterial_ulcers_set_2_0007_bb0987bd.jpg
2026-01-18 19:03:21 [INFO]   [8/51] venous_and_arterial_ulcers_set_2_0008_f3b1d6e8.jpg
2026-01-18 19:03:22 [INFO]   ✓ Baixado: venous_and_arterial_ulcers_set_2_0008_f3b1d6e8.jpg
2026-01-18 19:03:22 [INFO]   [9/51] venous_and_arterial_ulcers_set_2_0009_2863758d.jpg
2026-01-18 19:03:24 [INFO]   ✓ Baixado: venous_and_arterial_ulcers_set_2_0009_2863758d.jpg
2026-01-18 19:03:24 [INFO]   [10/51] venous_and_arterial_ulcers_set_2_0010_56b296ea.jpg
2026-01-18 19:03:26 [INFO]   ✓ Baixado: venous_and_arterial_ulcers_set_2_0010_56b296ea.jpg
2026-01-18 19:03:26 [INFO]   [11/51] venous_and_arterial_ulcers_set_2_0011_b91ab4d1.jpg
2026-01-18 19:03:28 [INFO]   ✓ Baixado: venous_and_arterial_ulcers_set_2_0011_b91ab4d1.jpg
2026-01-18 19:03:28 [INFO]   [12/51] venous_and_arterial_ulcers_set_2_0012_c7cb874d.jpg
2026-01-18 19:03:30 [INFO]   ✓ Baixado: venous_and_arterial_ulcers_set_2_0012_c7cb874d.jpg
2026-01-18 19:03:30 [INFO]   [13/51] venous_and_arterial_ulcers_set_2_0013_b35ee88f.jpg
2026-01-18 19:03:32 [INFO]   ✓ Baixado: venous_and_arterial_ulcers_set_2_0013_b35ee88f.jpg
2026-01-18 19:03:32 [INFO]   [14/51] venous_and_arterial_ulcers_set_2_0014_3697be2b.jpg
2026-01-18 19:03:34 [INFO]   ✓ Baixado: venous_and_arterial_ulcers_set_2_0014_3697be2b.jpg
2026-01-18 19:03:34 [INFO]   [15/51] venous_and_arterial_ulcers_set_2_0015_43463080.jpg
2026-01-18 19:03:35 [INFO]   ✓ Baixado: venous_and_arterial_ulcers_set_2_0015_43463080.jpg
2026-01-18 19:03:35 [INFO]   [16/51] venous_and_arterial_ulcers_set_2_0016_2507be79.jpg
2026-01-18 19:03:37 [INFO]   ✓ Baixado: venous_and_arterial_ulcers_set_2_0016_2507be79.jpg
2026-01-18 19:03:37 [INFO]   [17/51] venous_and_arterial_ulcers_set_2_0017_8fdf90de.jpg
2026-01-18 19:03:39 [INFO]   ✓ Baixado: venous_and_arterial_ulcers_set_2_0017_8fdf90de.jpg
2026-01-18 19:03:39 [INFO]   [18/51] venous_and_arterial_ulcers_set_2_0018_31a23c31.jpg
2026-01-18 19:03:41 [INFO]   ✓ Baixado: venous_and_arterial_ulcers_set_2_0018_31a23c31.jpg
2026-01-18 19:03:41 [INFO]   [19/51] venous_and_arterial_ulcers_set_2_0019_4b347174.jpg
2026-01-18 19:03:43 [INFO]   ✓ Baixado: venous_and_arterial_ulcers_set_2_0019_4b347174.jpg
2026-01-18 19:03:43 [INFO]   [20/51] venous_and_arterial_ulcers_set_2_0020_3a88d8e1.jpg
2026-01-18 19:03:45 [INFO]   ✓ Baixado: venous_and_arterial_ulcers_set_2_0020_3a88d8e1.jpg
2026-01-18 19:03:45 [INFO]   [21/51] venous_and_arterial_ulcers_set_2_0021_b6cb3332.jpg
2026-01-18 19:03:47 [INFO]   ✓ Baixado: venous_and_arterial_ulcers_set_2_0021_b6cb3332.jpg
2026-01-18 19:03:47 [INFO]   [22/51] venous_and_arterial_ulcers_set_2_0022_881f3c68.jpg
2026-01-18 19:03:48 [INFO]   ✓ Baixado: venous_and_arterial_ulcers_set_2_0022_881f3c68.jpg
2026-01-18 19:03:48 [INFO]   [23/51] venous_and_arterial_ulcers_set_2_0023_8b3fa46d.jpg
2026-01-18 19:03:50 [INFO]   ✓ Baixado: venous_and_arterial_ulcers_set_2_0023_8b3fa46d.jpg
2026-01-18 19:03:50 [INFO]   [24/51] venous_and_arterial_ulcers_set_2_0024_d87a6c6a.jpg
2026-01-18 19:03:52 [INFO]   ✓ Baixado: venous_and_arterial_ulcers_set_2_0024_d87a6c6a.jpg
2026-01-18 19:03:52 [INFO]   [25/51] venous_and_arterial_ulcers_set_2_0025_c28b0b11.jpg
2026-01-18 19:03:54 [INFO]   ✓ Baixado: venous_and_arterial_ulcers_set_2_0025_c28b0b11.jpg
2026-01-18 19:03:54 [INFO]   [26/51] venous_and_arterial_ulcers_set_2_0026_8117f239.jpg
2026-01-18 19:03:56 [INFO]   ✓ Baixado: venous_and_arterial_ulcers_set_2_0026_8117f239.jpg
2026-01-18 19:03:56 [INFO]   [27/51] venous_and_arterial_ulcers_set_2_0027_38ed2d6e.jpg
2026-01-18 19:03:58 [INFO]   ✓ Baixado: venous_and_arterial_ulcers_set_2_0027_38ed2d6e.jpg
2026-01-18 19:03:58 [INFO]   [28/51] venous_and_arterial_ulcers_set_2_0028_1f111f22.jpg
2026-01-18 19:03:59 [INFO]   ✓ Baixado: venous_and_arterial_ulcers_set_2_0028_1f111f22.jpg
2026-01-18 19:03:59 [INFO]   [29/51] venous_and_arterial_ulcers_set_2_0029_a2b0f0f5.jpg
2026-01-18 19:04:01 [INFO]   ✓ Baixado: venous_and_arterial_ulcers_set_2_0029_a2b0f0f5.jpg
2026-01-18 19:04:01 [INFO]   [30/51] venous_and_arterial_ulcers_set_2_0030_d4cc0008.jpg
2026-01-18 19:04:03 [INFO]   ✓ Baixado: venous_and_arterial_ulcers_set_2_0030_d4cc0008.jpg
2026-01-18 19:04:03 [INFO]   [31/51] venous_and_arterial_ulcers_set_2_0031_839544cc.jpg
2026-01-18 19:04:05 [INFO]   ✓ Baixado: venous_and_arterial_ulcers_set_2_0031_839544cc.jpg
2026-01-18 19:04:05 [INFO]   [32/51] venous_and_arterial_ulcers_set_2_0032_a1364bba.jpg
2026-01-18 19:04:07 [INFO]   ✓ Baixado: venous_and_arterial_ulcers_set_2_0032_a1364bba.jpg
2026-01-18 19:04:07 [INFO]   [33/51] venous_and_arterial_ulcers_set_2_0033_e8924c05.jpg
2026-01-18 19:04:09 [INFO]   ✓ Baixado: venous_and_arterial_ulcers_set_2_0033_e8924c05.jpg
2026-01-18 19:04:09 [INFO]   [34/51] venous_and_arterial_ulcers_set_2_0034_b2ab9830.jpg
2026-01-18 19:04:10 [INFO]   ✓ Baixado: venous_and_arterial_ulcers_set_2_0034_b2ab9830.jpg
2026-01-18 19:04:10 [INFO]   [35/51] venous_and_arterial_ulcers_set_2_0035_4209d386.jpg
2026-01-18 19:04:12 [INFO]   ✓ Baixado: venous_and_arterial_ulcers_set_2_0035_4209d386.jpg
2026-01-18 19:04:12 [INFO]   [36/51] venous_and_arterial_ulcers_set_2_0036_d8790562.jpg
2026-01-18 19:04:14 [INFO]   ✓ Baixado: venous_and_arterial_ulcers_set_2_0036_d8790562.jpg
2026-01-18 19:04:14 [INFO]   [37/51] venous_and_arterial_ulcers_set_2_0037_bb890da4.jpg
2026-01-18 19:04:16 [INFO]   ✓ Baixado: venous_and_arterial_ulcers_set_2_0037_bb890da4.jpg
2026-01-18 19:04:16 [INFO]   [38/51] venous_and_arterial_ulcers_set_2_0038_7303d2a2.jpg
2026-01-18 19:04:18 [INFO]   ✓ Baixado: venous_and_arterial_ulcers_set_2_0038_7303d2a2.jpg
2026-01-18 19:04:18 [INFO]   [39/51] venous_and_arterial_ulcers_set_2_0039_16b5ea4b.jpg
2026-01-18 19:04:20 [INFO]   ✓ Baixado: venous_and_arterial_ulcers_set_2_0039_16b5ea4b.jpg
2026-01-18 19:04:20 [INFO]   [40/51] venous_and_arterial_ulcers_set_2_0040_b252b767.jpg
2026-01-18 19:04:22 [INFO]   ✓ Baixado: venous_and_arterial_ulcers_set_2_0040_b252b767.jpg
2026-01-18 19:04:22 [INFO]   [41/51] venous_and_arterial_ulcers_set_2_0041_0c138ccf.jpg
2026-01-18 19:04:23 [INFO]   ✓ Baixado: venous_and_arterial_ulcers_set_2_0041_0c138ccf.jpg
2026-01-18 19:04:23 [INFO]   [42/51] venous_and_arterial_ulcers_set_2_0042_11f05077.jpg
2026-01-18 19:04:25 [INFO]   ✓ Baixado: venous_and_arterial_ulcers_set_2_0042_11f05077.jpg
2026-01-18 19:04:25 [INFO]   [43/51] venous_and_arterial_ulcers_set_2_0043_94290c04.jpg
2026-01-18 19:04:27 [INFO]   ✓ Baixado: venous_and_arterial_ulcers_set_2_0043_94290c04.jpg
2026-01-18 19:04:27 [INFO]   [44/51] venous_and_arterial_ulcers_set_2_0044_c49a024e.jpg
2026-01-18 19:04:29 [INFO]   ✓ Baixado: venous_and_arterial_ulcers_set_2_0044_c49a024e.jpg
2026-01-18 19:04:29 [INFO]   [45/51] venous_and_arterial_ulcers_set_2_0045_499d8d2f.jpg
2026-01-18 19:04:31 [INFO]   ✓ Baixado: venous_and_arterial_ulcers_set_2_0045_499d8d2f.jpg
2026-01-18 19:04:31 [INFO]   [46/51] venous_and_arterial_ulcers_set_2_0046_b6cb25d6.jpg
2026-01-18 19:04:33 [INFO]   ✓ Baixado: venous_and_arterial_ulcers_set_2_0046_b6cb25d6.jpg
2026-01-18 19:04:33 [INFO]   [47/51] venous_and_arterial_ulcers_set_2_0047_60f1bc4b.jpg
2026-01-18 19:04:34 [INFO]   ✓ Baixado: venous_and_arterial_ulcers_set_2_0047_60f1bc4b.jpg
2026-01-18 19:04:34 [INFO]   [48/51] venous_and_arterial_ulcers_set_2_0048_30c91675.jpg
2026-01-18 19:04:36 [INFO]   ✓ Baixado: venous_and_arterial_ulcers_set_2_0048_30c91675.jpg
2026-01-18 19:04:36 [INFO]   [49/51] venous_and_arterial_ulcers_set_2_0049_c0cbd69a.jpg
2026-01-18 19:04:38 [INFO]   ✓ Baixado: venous_and_arterial_ulcers_set_2_0049_c0cbd69a.jpg
2026-01-18 19:04:38 [INFO]   [50/51] venous_and_arterial_ulcers_set_2_0050_c94b5ac3.jpg
2026-01-18 19:04:40 [INFO]   ✓ Baixado: venous_and_arterial_ulcers_set_2_0050_c94b5ac3.jpg
2026-01-18 19:04:40 [INFO]   [51/51] venous_and_arterial_ulcers_set_2_0051_ef6520b3.jpg
2026-01-18 19:04:42 [INFO]   ✓ Baixado: venous_and_arterial_ulcers_set_2_0051_ef6520b3.jpg
2026-01-18 19:04:42 [INFO] Categoria Venous and arterial ulcers - Set 2,: 51/51 imagens
2026-01-18 19:04:42 [INFO] 
Baixando categoria: Malignant
            wounds,
2026-01-18 19:04:42 [INFO] Total de imagens: 9
2026-01-18 19:04:42 [INFO]   [1/9] malignant_wounds_0001_c9aafafe.jpg
2026-01-18 19:04:44 [INFO]   ✓ Baixado: malignant_wounds_0001_c9aafafe.jpg
2026-01-18 19:04:44 [INFO]   [2/9] malignant_wounds_0002_ba630b4c.jpg
2026-01-18 19:04:45 [INFO]   ✓ Baixado: malignant_wounds_0002_ba630b4c.jpg
2026-01-18 19:04:45 [INFO]   [3/9] malignant_wounds_0003_b3dbe2fe.jpg
2026-01-18 19:04:47 [INFO]   ✓ Baixado: malignant_wounds_0003_b3dbe2fe.jpg
2026-01-18 19:04:47 [INFO]   [4/9] malignant_wounds_0004_4f7e419a.jpg
2026-01-18 19:04:49 [INFO]   ✓ Baixado: malignant_wounds_0004_4f7e419a.jpg
2026-01-18 19:04:49 [INFO]   [5/9] malignant_wounds_0005_8f56a01c.jpg
2026-01-18 19:04:51 [INFO]   ✓ Baixado: malignant_wounds_0005_8f56a01c.jpg
2026-01-18 19:04:51 [INFO]   [6/9] malignant_wounds_0006_b3b3bd7f.jpg
2026-01-18 19:04:53 [INFO]   ✓ Baixado: malignant_wounds_0006_b3b3bd7f.jpg
2026-01-18 19:04:53 [INFO]   [7/9] malignant_wounds_0007_fae2ac4a.jpg
2026-01-18 19:04:55 [INFO]   ✓ Baixado: malignant_wounds_0007_fae2ac4a.jpg
2026-01-18 19:04:55 [INFO]   [8/9] malignant_wounds_0008_eaf240b6.jpg
2026-01-18 19:04:57 [INFO]   ✓ Baixado: malignant_wounds_0008_eaf240b6.jpg
2026-01-18 19:04:57 [INFO]   [9/9] malignant_wounds_0009_8a2cfd3f.jpg
2026-01-18 19:04:59 [INFO]   ✓ Baixado: malignant_wounds_0009_8a2cfd3f.jpg
2026-01-18 19:04:59 [INFO] Categoria Malignant
            wounds,: 9/9 imagens
2026-01-18 19:04:59 [INFO] 
Baixando categoria: Meningitis wounds,
2026-01-18 19:04:59 [INFO] Total de imagens: 25
2026-01-18 19:04:59 [INFO]   [1/25] meningitis_wounds_0001_7c311d03.jpg
2026-01-18 19:05:01 [INFO]   ✓ Baixado: meningitis_wounds_0001_7c311d03.jpg
2026-01-18 19:05:01 [INFO]   [2/25] meningitis_wounds_0002_e5c58573.jpg
2026-01-18 19:05:02 [INFO]   ✓ Baixado: meningitis_wounds_0002_e5c58573.jpg
2026-01-18 19:05:02 [INFO]   [3/25] meningitis_wounds_0003_a9f94c17.jpg
2026-01-18 19:05:04 [INFO]   ✓ Baixado: meningitis_wounds_0003_a9f94c17.jpg
2026-01-18 19:05:04 [INFO]   [4/25] meningitis_wounds_0004_c3f1b986.jpg
2026-01-18 19:05:06 [INFO]   ✓ Baixado: meningitis_wounds_0004_c3f1b986.jpg
2026-01-18 19:05:06 [INFO]   [5/25] meningitis_wounds_0005_dd9616be.jpg
2026-01-18 19:05:08 [INFO]   ✓ Baixado: meningitis_wounds_0005_dd9616be.jpg
2026-01-18 19:05:08 [INFO]   [6/25] meningitis_wounds_0006_a065238d.jpg
2026-01-18 19:05:10 [INFO]   ✓ Baixado: meningitis_wounds_0006_a065238d.jpg
2026-01-18 19:05:10 [INFO]   [7/25] meningitis_wounds_0007_a05e8f38.jpg
2026-01-18 19:05:12 [INFO]   ✓ Baixado: meningitis_wounds_0007_a05e8f38.jpg
2026-01-18 19:05:12 [INFO]   [8/25] meningitis_wounds_0008_7cc07b42.jpg
2026-01-18 19:05:13 [INFO]   ✓ Baixado: meningitis_wounds_0008_7cc07b42.jpg
2026-01-18 19:05:13 [INFO]   [9/25] meningitis_wounds_0009_2f2cfcc9.jpg
2026-01-18 19:05:15 [INFO]   ✓ Baixado: meningitis_wounds_0009_2f2cfcc9.jpg
2026-01-18 19:05:15 [INFO]   [10/25] meningitis_wounds_0010_81f741ae.jpg
2026-01-18 19:05:17 [INFO]   ✓ Baixado: meningitis_wounds_0010_81f741ae.jpg
2026-01-18 19:05:17 [INFO]   [11/25] meningitis_wounds_0011_05b0142d.jpg
2026-01-18 19:05:19 [INFO]   ✓ Baixado: meningitis_wounds_0011_05b0142d.jpg
2026-01-18 19:05:19 [INFO]   [12/25] meningitis_wounds_0012_2ca2b527.jpg
2026-01-18 19:05:21 [INFO]   ✓ Baixado: meningitis_wounds_0012_2ca2b527.jpg
2026-01-18 19:05:21 [INFO]   [13/25] meningitis_wounds_0013_22148caf.jpg
2026-01-18 19:05:23 [INFO]   ✓ Baixado: meningitis_wounds_0013_22148caf.jpg
2026-01-18 19:05:23 [INFO]   [14/25] meningitis_wounds_0014_ab87ae00.jpg
2026-01-18 19:05:25 [INFO]   ✓ Baixado: meningitis_wounds_0014_ab87ae00.jpg
2026-01-18 19:05:25 [INFO]   [15/25] meningitis_wounds_0015_eef29f61.jpg
2026-01-18 19:05:26 [INFO]   ✓ Baixado: meningitis_wounds_0015_eef29f61.jpg
2026-01-18 19:05:26 [INFO]   [16/25] meningitis_wounds_0016_8a2fa7bd.jpg
2026-01-18 19:05:28 [INFO]   ✓ Baixado: meningitis_wounds_0016_8a2fa7bd.jpg
2026-01-18 19:05:28 [INFO]   [17/25] meningitis_wounds_0017_7e310eeb.jpg
2026-01-18 19:05:30 [INFO]   ✓ Baixado: meningitis_wounds_0017_7e310eeb.jpg
2026-01-18 19:05:30 [INFO]   [18/25] meningitis_wounds_0018_ea05662b.jpg
2026-01-18 19:05:32 [INFO]   ✓ Baixado: meningitis_wounds_0018_ea05662b.jpg
2026-01-18 19:05:32 [INFO]   [19/25] meningitis_wounds_0019_b2c71995.jpg
2026-01-18 19:05:34 [INFO]   ✓ Baixado: meningitis_wounds_0019_b2c71995.jpg
2026-01-18 19:05:34 [INFO]   [20/25] meningitis_wounds_0020_7c4e91ab.jpg
2026-01-18 19:05:36 [INFO]   ✓ Baixado: meningitis_wounds_0020_7c4e91ab.jpg
2026-01-18 19:05:36 [INFO]   [21/25] meningitis_wounds_0021_0549c93a.jpg
2026-01-18 19:05:37 [INFO]   ✓ Baixado: meningitis_wounds_0021_0549c93a.jpg
2026-01-18 19:05:37 [INFO]   [22/25] meningitis_wounds_0022_b15ead8b.jpg
2026-01-18 19:05:39 [INFO]   ✓ Baixado: meningitis_wounds_0022_b15ead8b.jpg
2026-01-18 19:05:39 [INFO]   [23/25] meningitis_wounds_0023_939aa88e.jpg
2026-01-18 19:05:41 [INFO]   ✓ Baixado: meningitis_wounds_0023_939aa88e.jpg
2026-01-18 19:05:41 [INFO]   [24/25] meningitis_wounds_0024_afb9a420.jpg
2026-01-18 19:05:43 [INFO]   ✓ Baixado: meningitis_wounds_0024_afb9a420.jpg
2026-01-18 19:05:43 [INFO]   [25/25] meningitis_wounds_0025_36637cd4.jpg
2026-01-18 19:05:45 [INFO]   ✓ Baixado: meningitis_wounds_0025_36637cd4.jpg
2026-01-18 19:05:45 [INFO] Categoria Meningitis wounds,: 25/25 imagens
2026-01-18 19:05:45 [INFO] 
Baixando categoria: Orthopaedic wounds,
2026-01-18 19:05:45 [INFO] Total de imagens: 50
2026-01-18 19:05:45 [INFO]   [1/50] orthopaedic_wounds_0001_548a0e66.jpg
2026-01-18 19:05:47 [INFO]   ✓ Baixado: orthopaedic_wounds_0001_548a0e66.jpg
2026-01-18 19:05:47 [INFO]   [2/50] orthopaedic_wounds_0002_b02ac5d8.jpg
2026-01-18 19:05:49 [INFO]   ✓ Baixado: orthopaedic_wounds_0002_b02ac5d8.jpg
2026-01-18 19:05:49 [INFO]   [3/50] orthopaedic_wounds_0003_0fa42476.jpg
2026-01-18 19:05:50 [INFO]   ✓ Baixado: orthopaedic_wounds_0003_0fa42476.jpg
2026-01-18 19:05:50 [INFO]   [4/50] orthopaedic_wounds_0004_4de6ef88.jpg
2026-01-18 19:05:52 [INFO]   ✓ Baixado: orthopaedic_wounds_0004_4de6ef88.jpg
2026-01-18 19:05:52 [INFO]   [5/50] orthopaedic_wounds_0005_a8a0b97a.jpg
2026-01-18 19:05:54 [INFO]   ✓ Baixado: orthopaedic_wounds_0005_a8a0b97a.jpg
2026-01-18 19:05:54 [INFO]   [6/50] orthopaedic_wounds_0006_f8eb00c6.jpg
2026-01-18 19:05:56 [INFO]   ✓ Baixado: orthopaedic_wounds_0006_f8eb00c6.jpg
2026-01-18 19:05:56 [INFO]   [7/50] orthopaedic_wounds_0007_d2f14c6c.jpg
2026-01-18 19:05:58 [INFO]   ✓ Baixado: orthopaedic_wounds_0007_d2f14c6c.jpg
2026-01-18 19:05:58 [INFO]   [8/50] orthopaedic_wounds_0008_772f730b.jpg
2026-01-18 19:06:00 [INFO]   ✓ Baixado: orthopaedic_wounds_0008_772f730b.jpg
2026-01-18 19:06:00 [INFO]   [9/50] orthopaedic_wounds_0009_0a18ac7b.jpg
2026-01-18 19:06:02 [INFO]   ✓ Baixado: orthopaedic_wounds_0009_0a18ac7b.jpg
2026-01-18 19:06:02 [INFO]   [10/50] orthopaedic_wounds_0010_9c74862b.jpg
2026-01-18 19:06:03 [INFO]   ✓ Baixado: orthopaedic_wounds_0010_9c74862b.jpg
2026-01-18 19:06:03 [INFO]   [11/50] orthopaedic_wounds_0011_3322367c.jpg
2026-01-18 19:06:05 [INFO]   ✓ Baixado: orthopaedic_wounds_0011_3322367c.jpg
2026-01-18 19:06:05 [INFO]   [12/50] orthopaedic_wounds_0012_71e7bf6e.jpg
2026-01-18 19:06:07 [INFO]   ✓ Baixado: orthopaedic_wounds_0012_71e7bf6e.jpg
2026-01-18 19:06:07 [INFO]   [13/50] orthopaedic_wounds_0013_cae332de.jpg
2026-01-18 19:06:09 [INFO]   ✓ Baixado: orthopaedic_wounds_0013_cae332de.jpg
2026-01-18 19:06:09 [INFO]   [14/50] orthopaedic_wounds_0014_75149d2b.jpg
2026-01-18 19:06:11 [INFO]   ✓ Baixado: orthopaedic_wounds_0014_75149d2b.jpg
2026-01-18 19:06:11 [INFO]   [15/50] orthopaedic_wounds_0015_b6e10f61.jpg
2026-01-18 19:06:13 [INFO]   ✓ Baixado: orthopaedic_wounds_0015_b6e10f61.jpg
2026-01-18 19:06:13 [INFO]   [16/50] orthopaedic_wounds_0016_92703dde.jpg
2026-01-18 19:06:14 [INFO]   ✓ Baixado: orthopaedic_wounds_0016_92703dde.jpg
2026-01-18 19:06:14 [INFO]   [17/50] orthopaedic_wounds_0017_62414477.jpg
2026-01-18 19:06:16 [INFO]   ✓ Baixado: orthopaedic_wounds_0017_62414477.jpg
2026-01-18 19:06:16 [INFO]   [18/50] orthopaedic_wounds_0018_b859ae81.jpg
2026-01-18 19:06:18 [INFO]   ✓ Baixado: orthopaedic_wounds_0018_b859ae81.jpg
2026-01-18 19:06:18 [INFO]   [19/50] orthopaedic_wounds_0019_ea1944a8.jpg
2026-01-18 19:06:20 [INFO]   ✓ Baixado: orthopaedic_wounds_0019_ea1944a8.jpg
2026-01-18 19:06:20 [INFO]   [20/50] orthopaedic_wounds_0020_9820ce67.jpg
2026-01-18 19:06:22 [INFO]   ✓ Baixado: orthopaedic_wounds_0020_9820ce67.jpg
2026-01-18 19:06:22 [INFO]   [21/50] orthopaedic_wounds_0021_0e391b80.jpg
2026-01-18 19:06:24 [INFO]   ✓ Baixado: orthopaedic_wounds_0021_0e391b80.jpg
2026-01-18 19:06:24 [INFO]   [22/50] orthopaedic_wounds_0022_d3d65630.jpg
2026-01-18 19:06:25 [INFO]   ✓ Baixado: orthopaedic_wounds_0022_d3d65630.jpg
2026-01-18 19:06:25 [INFO]   [23/50] orthopaedic_wounds_0023_72e5431c.jpg
2026-01-18 19:06:27 [INFO]   ✓ Baixado: orthopaedic_wounds_0023_72e5431c.jpg
2026-01-18 19:06:27 [INFO]   [24/50] orthopaedic_wounds_0024_67f27f24.jpg
2026-01-18 19:06:29 [INFO]   ✓ Baixado: orthopaedic_wounds_0024_67f27f24.jpg
2026-01-18 19:06:29 [INFO]   [25/50] orthopaedic_wounds_0025_85b3d4be.jpg
2026-01-18 19:06:31 [INFO]   ✓ Baixado: orthopaedic_wounds_0025_85b3d4be.jpg
2026-01-18 19:06:31 [INFO]   [26/50] orthopaedic_wounds_0026_4c3cac11.jpg
2026-01-18 19:06:33 [INFO]   ✓ Baixado: orthopaedic_wounds_0026_4c3cac11.jpg
2026-01-18 19:06:33 [INFO]   [27/50] orthopaedic_wounds_0027_b70cdcdd.jpg
2026-01-18 19:06:35 [INFO]   ✓ Baixado: orthopaedic_wounds_0027_b70cdcdd.jpg
2026-01-18 19:06:35 [INFO]   [28/50] orthopaedic_wounds_0028_f267c63f.jpg
2026-01-18 19:06:37 [INFO]   ✓ Baixado: orthopaedic_wounds_0028_f267c63f.jpg
2026-01-18 19:06:37 [INFO]   [29/50] orthopaedic_wounds_0029_61825c2a.jpg
2026-01-18 19:06:38 [INFO]   ✓ Baixado: orthopaedic_wounds_0029_61825c2a.jpg
2026-01-18 19:06:38 [INFO]   [30/50] orthopaedic_wounds_0030_2133e9dd.jpg
2026-01-18 19:06:40 [INFO]   ✓ Baixado: orthopaedic_wounds_0030_2133e9dd.jpg
2026-01-18 19:06:40 [INFO]   [31/50] orthopaedic_wounds_0031_b9b3c221.jpg
2026-01-18 19:06:42 [INFO]   ✓ Baixado: orthopaedic_wounds_0031_b9b3c221.jpg
2026-01-18 19:06:42 [INFO]   [32/50] orthopaedic_wounds_0032_c33db70d.jpg
2026-01-18 19:06:44 [INFO]   ✓ Baixado: orthopaedic_wounds_0032_c33db70d.jpg
2026-01-18 19:06:44 [INFO]   [33/50] orthopaedic_wounds_0033_b85db39d.jpg
2026-01-18 19:06:46 [INFO]   ✓ Baixado: orthopaedic_wounds_0033_b85db39d.jpg
2026-01-18 19:06:46 [INFO]   [34/50] orthopaedic_wounds_0034_3ed9b17b.jpg
2026-01-18 19:06:48 [INFO]   ✓ Baixado: orthopaedic_wounds_0034_3ed9b17b.jpg
2026-01-18 19:06:48 [INFO]   [35/50] orthopaedic_wounds_0035_a9290d1f.jpg
2026-01-18 19:06:49 [INFO]   ✓ Baixado: orthopaedic_wounds_0035_a9290d1f.jpg
2026-01-18 19:06:49 [INFO]   [36/50] orthopaedic_wounds_0036_50312dc7.jpg
2026-01-18 19:06:51 [INFO]   ✓ Baixado: orthopaedic_wounds_0036_50312dc7.jpg
2026-01-18 19:06:51 [INFO]   [37/50] orthopaedic_wounds_0037_b1d6a50f.jpg
2026-01-18 19:06:53 [INFO]   ✓ Baixado: orthopaedic_wounds_0037_b1d6a50f.jpg
2026-01-18 19:06:53 [INFO]   [38/50] orthopaedic_wounds_0038_a7f3ddeb.jpg
2026-01-18 19:06:55 [INFO]   ✓ Baixado: orthopaedic_wounds_0038_a7f3ddeb.jpg
2026-01-18 19:06:55 [INFO]   [39/50] orthopaedic_wounds_0039_af0d7649.jpg
2026-01-18 19:06:57 [INFO]   ✓ Baixado: orthopaedic_wounds_0039_af0d7649.jpg
2026-01-18 19:06:57 [INFO]   [40/50] orthopaedic_wounds_0040_325dd0a2.jpg
2026-01-18 19:06:59 [INFO]   ✓ Baixado: orthopaedic_wounds_0040_325dd0a2.jpg
2026-01-18 19:06:59 [INFO]   [41/50] orthopaedic_wounds_0041_56b90120.jpg
2026-01-18 19:07:01 [INFO]   ✓ Baixado: orthopaedic_wounds_0041_56b90120.jpg
2026-01-18 19:07:01 [INFO]   [42/50] orthopaedic_wounds_0042_abc7b43d.jpg
2026-01-18 19:07:02 [INFO]   ✓ Baixado: orthopaedic_wounds_0042_abc7b43d.jpg
2026-01-18 19:07:02 [INFO]   [43/50] orthopaedic_wounds_0043_1fbaa0ab.jpg
2026-01-18 19:07:04 [INFO]   ✓ Baixado: orthopaedic_wounds_0043_1fbaa0ab.jpg
2026-01-18 19:07:04 [INFO]   [44/50] orthopaedic_wounds_0044_f7f1af31.jpg
2026-01-18 19:07:06 [INFO]   ✓ Baixado: orthopaedic_wounds_0044_f7f1af31.jpg
2026-01-18 19:07:06 [INFO]   [45/50] orthopaedic_wounds_0045_04650545.jpg
2026-01-18 19:07:08 [INFO]   ✓ Baixado: orthopaedic_wounds_0045_04650545.jpg
2026-01-18 19:07:08 [INFO]   [46/50] orthopaedic_wounds_0046_8d42e1c7.jpg
2026-01-18 19:07:10 [INFO]   ✓ Baixado: orthopaedic_wounds_0046_8d42e1c7.jpg
2026-01-18 19:07:10 [INFO]   [47/50] orthopaedic_wounds_0047_217fb582.jpg
2026-01-18 19:07:12 [INFO]   ✓ Baixado: orthopaedic_wounds_0047_217fb582.jpg
2026-01-18 19:07:12 [INFO]   [48/50] orthopaedic_wounds_0048_3f1f686d.jpg
2026-01-18 19:07:13 [INFO]   ✓ Baixado: orthopaedic_wounds_0048_3f1f686d.jpg
2026-01-18 19:07:13 [INFO]   [49/50] orthopaedic_wounds_0049_98262055.jpg
2026-01-18 19:07:15 [INFO]   ✓ Baixado: orthopaedic_wounds_0049_98262055.jpg
2026-01-18 19:07:15 [INFO]   [50/50] orthopaedic_wounds_0050_abec4a67.jpg
2026-01-18 19:07:17 [INFO]   ✓ Baixado: orthopaedic_wounds_0050_abec4a67.jpg
2026-01-18 19:07:17 [INFO] Categoria Orthopaedic wounds,: 50/50 imagens
2026-01-18 19:07:17 [INFO] 
Baixando categoria: Miscellaneous wounds,
2026-01-18 19:07:17 [INFO] Total de imagens: 57
2026-01-18 19:07:17 [INFO]   [1/57] miscellaneous_wounds_0001_47a94756.jpg
2026-01-18 19:07:19 [INFO]   ✓ Baixado: miscellaneous_wounds_0001_47a94756.jpg
2026-01-18 19:07:19 [INFO]   [2/57] miscellaneous_wounds_0002_4f0d8bfa.jpg
2026-01-18 19:07:21 [INFO]   ✓ Baixado: miscellaneous_wounds_0002_4f0d8bfa.jpg
2026-01-18 19:07:21 [INFO]   [3/57] miscellaneous_wounds_0003_e3d4d35d.jpg
2026-01-18 19:07:23 [INFO]   ✓ Baixado: miscellaneous_wounds_0003_e3d4d35d.jpg
2026-01-18 19:07:23 [INFO]   [4/57] miscellaneous_wounds_0004_d9d51b34.jpg
2026-01-18 19:07:25 [INFO]   ✓ Baixado: miscellaneous_wounds_0004_d9d51b34.jpg
2026-01-18 19:07:25 [INFO]   [5/57] miscellaneous_wounds_0005_e536d9bb.jpg
2026-01-18 19:07:27 [INFO]   ✓ Baixado: miscellaneous_wounds_0005_e536d9bb.jpg
2026-01-18 19:07:27 [INFO]   [6/57] miscellaneous_wounds_0006_74fbdd33.jpg
2026-01-18 19:07:28 [INFO]   ✓ Baixado: miscellaneous_wounds_0006_74fbdd33.jpg
2026-01-18 19:07:28 [INFO]   [7/57] miscellaneous_wounds_0007_b7177ecd.jpg
2026-01-18 19:07:30 [INFO]   ✓ Baixado: miscellaneous_wounds_0007_b7177ecd.jpg
2026-01-18 19:07:30 [INFO]   [8/57] miscellaneous_wounds_0008_68bfd5d7.jpg
2026-01-18 19:07:32 [INFO]   ✓ Baixado: miscellaneous_wounds_0008_68bfd5d7.jpg
2026-01-18 19:07:32 [INFO]   [9/57] miscellaneous_wounds_0009_d77b4fa1.jpg
2026-01-18 19:07:34 [INFO]   ✓ Baixado: miscellaneous_wounds_0009_d77b4fa1.jpg
2026-01-18 19:07:34 [INFO]   [10/57] miscellaneous_wounds_0010_4e7d393c.jpg
2026-01-18 19:07:36 [INFO]   ✓ Baixado: miscellaneous_wounds_0010_4e7d393c.jpg
2026-01-18 19:07:36 [INFO]   [11/57] miscellaneous_wounds_0011_703e007e.jpg
2026-01-18 19:07:38 [INFO]   ✓ Baixado: miscellaneous_wounds_0011_703e007e.jpg
2026-01-18 19:07:38 [INFO]   [12/57] miscellaneous_wounds_0012_29256d6f.jpg
2026-01-18 19:07:40 [INFO]   ✓ Baixado: miscellaneous_wounds_0012_29256d6f.jpg
2026-01-18 19:07:40 [INFO]   [13/57] miscellaneous_wounds_0013_b6040ef8.jpg
2026-01-18 19:07:41 [INFO]   ✓ Baixado: miscellaneous_wounds_0013_b6040ef8.jpg
2026-01-18 19:07:41 [INFO]   [14/57] miscellaneous_wounds_0014_de70993b.jpg
2026-01-18 19:07:43 [INFO]   ✓ Baixado: miscellaneous_wounds_0014_de70993b.jpg
2026-01-18 19:07:43 [INFO]   [15/57] miscellaneous_wounds_0015_eb8754bb.jpg
2026-01-18 19:07:45 [INFO]   ✓ Baixado: miscellaneous_wounds_0015_eb8754bb.jpg
2026-01-18 19:07:45 [INFO]   [16/57] miscellaneous_wounds_0016_1c26252e.jpg
2026-01-18 19:07:47 [INFO]   ✓ Baixado: miscellaneous_wounds_0016_1c26252e.jpg
2026-01-18 19:07:47 [INFO]   [17/57] miscellaneous_wounds_0017_b1f1e131.jpg
2026-01-18 19:07:49 [INFO]   ✓ Baixado: miscellaneous_wounds_0017_b1f1e131.jpg
2026-01-18 19:07:49 [INFO]   [18/57] miscellaneous_wounds_0018_c9a386d3.jpg
2026-01-18 19:07:51 [INFO]   ✓ Baixado: miscellaneous_wounds_0018_c9a386d3.jpg
2026-01-18 19:07:51 [INFO]   [19/57] miscellaneous_wounds_0019_65f5728c.jpg
2026-01-18 19:07:52 [INFO]   ✓ Baixado: miscellaneous_wounds_0019_65f5728c.jpg
2026-01-18 19:07:52 [INFO]   [20/57] miscellaneous_wounds_0020_5160466c.jpg
2026-01-18 19:07:55 [INFO]   ✓ Baixado: miscellaneous_wounds_0020_5160466c.jpg
2026-01-18 19:07:55 [INFO]   [21/57] miscellaneous_wounds_0021_b10d855e.jpg
2026-01-18 19:07:57 [INFO]   ✓ Baixado: miscellaneous_wounds_0021_b10d855e.jpg
2026-01-18 19:07:57 [INFO]   [22/57] miscellaneous_wounds_0022_b5501d92.jpg
2026-01-18 19:07:59 [INFO]   ✓ Baixado: miscellaneous_wounds_0022_b5501d92.jpg
2026-01-18 19:07:59 [INFO]   [23/57] miscellaneous_wounds_0023_1913a424.jpg
2026-01-18 19:08:01 [INFO]   ✓ Baixado: miscellaneous_wounds_0023_1913a424.jpg
2026-01-18 19:08:01 [INFO]   [24/57] miscellaneous_wounds_0024_baa8e75e.jpg
2026-01-18 19:08:03 [INFO]   ✓ Baixado: miscellaneous_wounds_0024_baa8e75e.jpg
2026-01-18 19:08:03 [INFO]   [25/57] miscellaneous_wounds_0025_a9d98f34.jpg
2026-01-18 19:08:05 [INFO]   ✓ Baixado: miscellaneous_wounds_0025_a9d98f34.jpg
2026-01-18 19:08:05 [INFO]   [26/57] miscellaneous_wounds_0026_37a966a4.jpg
2026-01-18 19:08:06 [INFO]   ✓ Baixado: miscellaneous_wounds_0026_37a966a4.jpg
2026-01-18 19:08:06 [INFO]   [27/57] miscellaneous_wounds_0027_de63a0a3.jpg
2026-01-18 19:08:08 [INFO]   ✓ Baixado: miscellaneous_wounds_0027_de63a0a3.jpg
2026-01-18 19:08:08 [INFO]   [28/57] miscellaneous_wounds_0028_33fe60e6.jpg
2026-01-18 19:08:10 [INFO]   ✓ Baixado: miscellaneous_wounds_0028_33fe60e6.jpg
2026-01-18 19:08:10 [INFO]   [29/57] miscellaneous_wounds_0029_8a049d56.jpg
2026-01-18 19:08:12 [INFO]   ✓ Baixado: miscellaneous_wounds_0029_8a049d56.jpg
2026-01-18 19:08:12 [INFO]   [30/57] miscellaneous_wounds_0030_2d3324aa.jpg
2026-01-18 19:08:13 [INFO]   ✓ Baixado: miscellaneous_wounds_0030_2d3324aa.jpg
2026-01-18 19:08:13 [INFO]   [31/57] miscellaneous_wounds_0031_d0566b18.jpg
2026-01-18 19:08:15 [INFO]   ✓ Baixado: miscellaneous_wounds_0031_d0566b18.jpg
2026-01-18 19:08:15 [INFO]   [32/57] miscellaneous_wounds_0032_6c3f286f.jpg
2026-01-18 19:08:17 [INFO]   ✓ Baixado: miscellaneous_wounds_0032_6c3f286f.jpg
2026-01-18 19:08:17 [INFO]   [33/57] miscellaneous_wounds_0033_74b91ed5.jpg
2026-01-18 19:08:19 [INFO]   ✓ Baixado: miscellaneous_wounds_0033_74b91ed5.jpg
2026-01-18 19:08:19 [INFO]   [34/57] miscellaneous_wounds_0034_2b7f0d82.jpg
2026-01-18 19:08:21 [INFO]   ✓ Baixado: miscellaneous_wounds_0034_2b7f0d82.jpg
2026-01-18 19:08:21 [INFO]   [35/57] miscellaneous_wounds_0035_764101a6.jpg
2026-01-18 19:08:22 [INFO]   ✓ Baixado: miscellaneous_wounds_0035_764101a6.jpg
2026-01-18 19:08:22 [INFO]   [36/57] miscellaneous_wounds_0036_20f44e2c.jpg
2026-01-18 19:08:24 [INFO]   ✓ Baixado: miscellaneous_wounds_0036_20f44e2c.jpg
2026-01-18 19:08:24 [INFO]   [37/57] miscellaneous_wounds_0037_c8722991.jpg
2026-01-18 19:08:26 [INFO]   ✓ Baixado: miscellaneous_wounds_0037_c8722991.jpg
2026-01-18 19:08:26 [INFO]   [38/57] miscellaneous_wounds_0038_61d6493d.jpg
2026-01-18 19:08:28 [INFO]   ✓ Baixado: miscellaneous_wounds_0038_61d6493d.jpg
2026-01-18 19:08:28 [INFO]   [39/57] miscellaneous_wounds_0039_cd6e3a5b.jpg
2026-01-18 19:08:30 [INFO]   ✓ Baixado: miscellaneous_wounds_0039_cd6e3a5b.jpg
2026-01-18 19:08:30 [INFO]   [40/57] miscellaneous_wounds_0040_ad6cc03c.jpg
2026-01-18 19:08:31 [INFO]   ✓ Baixado: miscellaneous_wounds_0040_ad6cc03c.jpg
2026-01-18 19:08:31 [INFO]   [41/57] miscellaneous_wounds_0041_63facf82.jpg
2026-01-18 19:08:33 [INFO]   ✓ Baixado: miscellaneous_wounds_0041_63facf82.jpg
2026-01-18 19:08:33 [INFO]   [42/57] miscellaneous_wounds_0042_eb171a96.jpg
2026-01-18 19:08:35 [INFO]   ✓ Baixado: miscellaneous_wounds_0042_eb171a96.jpg
2026-01-18 19:08:35 [INFO]   [43/57] miscellaneous_wounds_0043_41a2e4fd.jpg
2026-01-18 19:08:37 [INFO]   ✓ Baixado: miscellaneous_wounds_0043_41a2e4fd.jpg
2026-01-18 19:08:37 [INFO]   [44/57] miscellaneous_wounds_0044_f3c6a0f2.jpg
2026-01-18 19:08:39 [INFO]   ✓ Baixado: miscellaneous_wounds_0044_f3c6a0f2.jpg
2026-01-18 19:08:39 [INFO]   [45/57] miscellaneous_wounds_0045_269534bc.jpg
2026-01-18 19:08:40 [INFO]   ✓ Baixado: miscellaneous_wounds_0045_269534bc.jpg
2026-01-18 19:08:40 [INFO]   [46/57] miscellaneous_wounds_0046_236d7190.jpg
2026-01-18 19:08:42 [INFO]   ✓ Baixado: miscellaneous_wounds_0046_236d7190.jpg
2026-01-18 19:08:42 [INFO]   [47/57] miscellaneous_wounds_0047_a95c7640.jpg
2026-01-18 19:08:44 [INFO]   ✓ Baixado: miscellaneous_wounds_0047_a95c7640.jpg
2026-01-18 19:08:44 [INFO]   [48/57] miscellaneous_wounds_0048_ed4ce56d.jpg
2026-01-18 19:08:46 [INFO]   ✓ Baixado: miscellaneous_wounds_0048_ed4ce56d.jpg
2026-01-18 19:08:46 [INFO]   [49/57] miscellaneous_wounds_0049_4ffccf4a.jpg
2026-01-18 19:08:47 [INFO]   ✓ Baixado: miscellaneous_wounds_0049_4ffccf4a.jpg
2026-01-18 19:08:47 [INFO]   [50/57] miscellaneous_wounds_0050_2c507a32.jpg
2026-01-18 19:08:49 [INFO]   ✓ Baixado: miscellaneous_wounds_0050_2c507a32.jpg
2026-01-18 19:08:49 [INFO]   [51/57] miscellaneous_wounds_0051_515ba75b.jpg
2026-01-18 19:08:51 [INFO]   ✓ Baixado: miscellaneous_wounds_0051_515ba75b.jpg
2026-01-18 19:08:51 [INFO]   [52/57] miscellaneous_wounds_0052_229b51cb.jpg
2026-01-18 19:08:53 [INFO]   ✓ Baixado: miscellaneous_wounds_0052_229b51cb.jpg
2026-01-18 19:08:53 [INFO]   [53/57] miscellaneous_wounds_0053_10df08d3.jpg
2026-01-18 19:08:55 [INFO]   ✓ Baixado: miscellaneous_wounds_0053_10df08d3.jpg
2026-01-18 19:08:55 [INFO]   [54/57] miscellaneous_wounds_0054_4a6ead30.jpg
2026-01-18 19:08:56 [INFO]   ✓ Baixado: miscellaneous_wounds_0054_4a6ead30.jpg
2026-01-18 19:08:56 [INFO]   [55/57] miscellaneous_wounds_0055_1b52a3c4.jpg
2026-01-18 19:08:58 [INFO]   ✓ Baixado: miscellaneous_wounds_0055_1b52a3c4.jpg
2026-01-18 19:08:58 [INFO]   [56/57] miscellaneous_wounds_0056_297b7534.jpg
2026-01-18 19:09:00 [INFO]   ✓ Baixado: miscellaneous_wounds_0056_297b7534.jpg
2026-01-18 19:09:00 [INFO]   [57/57] miscellaneous_wounds_0057_9085c4cd.jpg
2026-01-18 19:09:02 [INFO]   ✓ Baixado: miscellaneous_wounds_0057_9085c4cd.jpg
2026-01-18 19:09:02 [INFO] Categoria Miscellaneous wounds,: 57/57 imagens
2026-01-18 19:09:02 [INFO] 
Baixando categoria: Pressure
            ulcers - Set 1 of 2,
2026-01-18 19:09:02 [INFO] Total de imagens: 102
2026-01-18 19:09:02 [INFO]   [1/102] pressure_ulcers_set_1_of_2_0001_9b90589e.jpg
2026-01-18 19:09:04 [INFO]   ✓ Baixado: pressure_ulcers_set_1_of_2_0001_9b90589e.jpg
2026-01-18 19:09:04 [INFO]   [2/102] pressure_ulcers_set_1_of_2_0002_9c25644d.jpg
2026-01-18 19:09:06 [INFO]   ✓ Baixado: pressure_ulcers_set_1_of_2_0002_9c25644d.jpg
2026-01-18 19:09:06 [INFO]   [3/102] pressure_ulcers_set_1_of_2_0003_009c67ee.jpg
2026-01-18 19:09:07 [INFO]   ✓ Baixado: pressure_ulcers_set_1_of_2_0003_009c67ee.jpg
2026-01-18 19:09:07 [INFO]   [4/102] pressure_ulcers_set_1_of_2_0004_116bc91b.jpg
2026-01-18 19:09:09 [INFO]   ✓ Baixado: pressure_ulcers_set_1_of_2_0004_116bc91b.jpg
2026-01-18 19:09:09 [INFO]   [5/102] pressure_ulcers_set_1_of_2_0005_1ea2231d.jpg
2026-01-18 19:09:15 [INFO]   ✓ Baixado: pressure_ulcers_set_1_of_2_0005_1ea2231d.jpg
2026-01-18 19:09:15 [INFO]   [6/102] pressure_ulcers_set_1_of_2_0006_7858c427.jpg
2026-01-18 19:09:17 [INFO]   ✓ Baixado: pressure_ulcers_set_1_of_2_0006_7858c427.jpg
2026-01-18 19:09:17 [INFO]   [7/102] pressure_ulcers_set_1_of_2_0007_d1749b86.jpg
2026-01-18 19:09:18 [INFO]   ✓ Baixado: pressure_ulcers_set_1_of_2_0007_d1749b86.jpg
2026-01-18 19:09:18 [INFO]   [8/102] pressure_ulcers_set_1_of_2_0008_027eadd3.jpg
2026-01-18 19:09:20 [INFO]   ✓ Baixado: pressure_ulcers_set_1_of_2_0008_027eadd3.jpg
2026-01-18 19:09:20 [INFO]   [9/102] pressure_ulcers_set_1_of_2_0009_059e62d1.jpg
2026-01-18 19:09:22 [INFO]   ✓ Baixado: pressure_ulcers_set_1_of_2_0009_059e62d1.jpg
2026-01-18 19:09:22 [INFO]   [10/102] pressure_ulcers_set_1_of_2_0010_3d1ecd58.jpg
2026-01-18 19:09:24 [INFO]   ✓ Baixado: pressure_ulcers_set_1_of_2_0010_3d1ecd58.jpg
2026-01-18 19:09:24 [INFO]   [11/102] pressure_ulcers_set_1_of_2_0011_4e627249.jpg
2026-01-18 19:09:26 [INFO]   ✓ Baixado: pressure_ulcers_set_1_of_2_0011_4e627249.jpg
2026-01-18 19:09:26 [INFO]   [12/102] pressure_ulcers_set_1_of_2_0012_0127ad51.jpg
2026-01-18 19:09:27 [INFO]   ✓ Baixado: pressure_ulcers_set_1_of_2_0012_0127ad51.jpg
2026-01-18 19:09:27 [INFO]   [13/102] pressure_ulcers_set_1_of_2_0013_69c1b826.jpg
2026-01-18 19:09:29 [INFO]   ✓ Baixado: pressure_ulcers_set_1_of_2_0013_69c1b826.jpg
2026-01-18 19:09:29 [INFO]   [14/102] pressure_ulcers_set_1_of_2_0014_d907df7e.jpg
2026-01-18 19:09:31 [INFO]   ✓ Baixado: pressure_ulcers_set_1_of_2_0014_d907df7e.jpg
2026-01-18 19:09:31 [INFO]   [15/102] pressure_ulcers_set_1_of_2_0015_15565559.jpg
2026-01-18 19:09:33 [INFO]   ✓ Baixado: pressure_ulcers_set_1_of_2_0015_15565559.jpg
2026-01-18 19:09:33 [INFO]   [16/102] pressure_ulcers_set_1_of_2_0016_39ed9b54.jpg
2026-01-18 19:09:35 [INFO]   ✓ Baixado: pressure_ulcers_set_1_of_2_0016_39ed9b54.jpg
2026-01-18 19:09:35 [INFO]   [17/102] pressure_ulcers_set_1_of_2_0017_e2dac494.jpg
2026-01-18 19:09:36 [INFO]   ✓ Baixado: pressure_ulcers_set_1_of_2_0017_e2dac494.jpg
2026-01-18 19:09:36 [INFO]   [18/102] pressure_ulcers_set_1_of_2_0018_f884ae88.jpg
2026-01-18 19:09:38 [INFO]   ✓ Baixado: pressure_ulcers_set_1_of_2_0018_f884ae88.jpg
2026-01-18 19:09:38 [INFO]   [19/102] pressure_ulcers_set_1_of_2_0019_21fd3e86.jpg
2026-01-18 19:09:40 [INFO]   ✓ Baixado: pressure_ulcers_set_1_of_2_0019_21fd3e86.jpg
2026-01-18 19:09:40 [INFO]   [20/102] pressure_ulcers_set_1_of_2_0020_e73049da.jpg
2026-01-18 19:09:42 [INFO]   ✓ Baixado: pressure_ulcers_set_1_of_2_0020_e73049da.jpg
2026-01-18 19:09:42 [INFO]   [21/102] pressure_ulcers_set_1_of_2_0021_efc6d159.jpg
2026-01-18 19:09:44 [INFO]   ✓ Baixado: pressure_ulcers_set_1_of_2_0021_efc6d159.jpg
2026-01-18 19:09:44 [INFO]   [22/102] pressure_ulcers_set_1_of_2_0022_bfb05ba8.jpg
2026-01-18 19:09:45 [INFO]   ✓ Baixado: pressure_ulcers_set_1_of_2_0022_bfb05ba8.jpg
2026-01-18 19:09:45 [INFO]   [23/102] pressure_ulcers_set_1_of_2_0023_a51b717d.jpg
2026-01-18 19:09:47 [INFO]   ✓ Baixado: pressure_ulcers_set_1_of_2_0023_a51b717d.jpg
2026-01-18 19:09:47 [INFO]   [24/102] pressure_ulcers_set_1_of_2_0024_cc1d9973.jpg
2026-01-18 19:09:49 [INFO]   ✓ Baixado: pressure_ulcers_set_1_of_2_0024_cc1d9973.jpg
2026-01-18 19:09:49 [INFO]   [25/102] pressure_ulcers_set_1_of_2_0025_d50b8255.jpg
2026-01-18 19:09:51 [INFO]   ✓ Baixado: pressure_ulcers_set_1_of_2_0025_d50b8255.jpg
2026-01-18 19:09:51 [INFO]   [26/102] pressure_ulcers_set_1_of_2_0026_0d3b5aba.jpg
2026-01-18 19:09:53 [INFO]   ✓ Baixado: pressure_ulcers_set_1_of_2_0026_0d3b5aba.jpg
2026-01-18 19:09:53 [INFO]   [27/102] pressure_ulcers_set_1_of_2_0027_92ed61fe.jpg
2026-01-18 19:09:54 [INFO]   ✓ Baixado: pressure_ulcers_set_1_of_2_0027_92ed61fe.jpg
2026-01-18 19:09:54 [INFO]   [28/102] pressure_ulcers_set_1_of_2_0028_45b68d09.jpg
2026-01-18 19:09:56 [INFO]   ✓ Baixado: pressure_ulcers_set_1_of_2_0028_45b68d09.jpg
2026-01-18 19:09:56 [INFO]   [29/102] pressure_ulcers_set_1_of_2_0029_a06750ca.jpg
2026-01-18 19:09:58 [INFO]   ✓ Baixado: pressure_ulcers_set_1_of_2_0029_a06750ca.jpg
2026-01-18 19:09:58 [INFO]   [30/102] pressure_ulcers_set_1_of_2_0030_108d18ac.jpg
2026-01-18 19:10:00 [INFO]   ✓ Baixado: pressure_ulcers_set_1_of_2_0030_108d18ac.jpg
2026-01-18 19:10:00 [INFO]   [31/102] pressure_ulcers_set_1_of_2_0031_5ac5c73b.jpg
2026-01-18 19:10:02 [INFO]   ✓ Baixado: pressure_ulcers_set_1_of_2_0031_5ac5c73b.jpg
2026-01-18 19:10:02 [INFO]   [32/102] pressure_ulcers_set_1_of_2_0032_14df1f26.jpg
2026-01-18 19:10:03 [INFO]   ✓ Baixado: pressure_ulcers_set_1_of_2_0032_14df1f26.jpg
2026-01-18 19:10:03 [INFO]   [33/102] pressure_ulcers_set_1_of_2_0033_e3060600.jpg
2026-01-18 19:10:05 [INFO]   ✓ Baixado: pressure_ulcers_set_1_of_2_0033_e3060600.jpg
2026-01-18 19:10:05 [INFO]   [34/102] pressure_ulcers_set_1_of_2_0034_e9d67e64.jpg
2026-01-18 19:10:07 [INFO]   ✓ Baixado: pressure_ulcers_set_1_of_2_0034_e9d67e64.jpg
2026-01-18 19:10:07 [INFO]   [35/102] pressure_ulcers_set_1_of_2_0035_ceb48e61.jpg
2026-01-18 19:10:09 [INFO]   ✓ Baixado: pressure_ulcers_set_1_of_2_0035_ceb48e61.jpg
2026-01-18 19:10:09 [INFO]   [36/102] pressure_ulcers_set_1_of_2_0036_78ad1835.jpg
2026-01-18 19:10:11 [INFO]   ✓ Baixado: pressure_ulcers_set_1_of_2_0036_78ad1835.jpg
2026-01-18 19:10:11 [INFO]   [37/102] pressure_ulcers_set_1_of_2_0037_83cfb622.jpg
2026-01-18 19:10:12 [INFO]   ✓ Baixado: pressure_ulcers_set_1_of_2_0037_83cfb622.jpg
2026-01-18 19:10:12 [INFO]   [38/102] pressure_ulcers_set_1_of_2_0038_e03a63d9.jpg
2026-01-18 19:10:14 [INFO]   ✓ Baixado: pressure_ulcers_set_1_of_2_0038_e03a63d9.jpg
2026-01-18 19:10:14 [INFO]   [39/102] pressure_ulcers_set_1_of_2_0039_3dafc3a3.jpg
2026-01-18 19:10:16 [INFO]   ✓ Baixado: pressure_ulcers_set_1_of_2_0039_3dafc3a3.jpg
2026-01-18 19:10:16 [INFO]   [40/102] pressure_ulcers_set_1_of_2_0040_80e53a13.jpg
2026-01-18 19:10:18 [INFO]   ✓ Baixado: pressure_ulcers_set_1_of_2_0040_80e53a13.jpg
2026-01-18 19:10:18 [INFO]   [41/102] pressure_ulcers_set_1_of_2_0041_5a97cb14.jpg
2026-01-18 19:10:20 [INFO]   ✓ Baixado: pressure_ulcers_set_1_of_2_0041_5a97cb14.jpg
2026-01-18 19:10:20 [INFO]   [42/102] pressure_ulcers_set_1_of_2_0042_a2586b54.jpg
2026-01-18 19:10:21 [INFO]   ✓ Baixado: pressure_ulcers_set_1_of_2_0042_a2586b54.jpg
2026-01-18 19:10:21 [INFO]   [43/102] pressure_ulcers_set_1_of_2_0043_d32b48c8.jpg
2026-01-18 19:10:23 [INFO]   ✓ Baixado: pressure_ulcers_set_1_of_2_0043_d32b48c8.jpg
2026-01-18 19:10:23 [INFO]   [44/102] pressure_ulcers_set_1_of_2_0044_a55d2d3b.jpg
2026-01-18 19:10:25 [INFO]   ✓ Baixado: pressure_ulcers_set_1_of_2_0044_a55d2d3b.jpg
2026-01-18 19:10:25 [INFO]   [45/102] pressure_ulcers_set_1_of_2_0045_3174b8af.jpg
2026-01-18 19:10:27 [INFO]   ✓ Baixado: pressure_ulcers_set_1_of_2_0045_3174b8af.jpg
2026-01-18 19:10:27 [INFO]   [46/102] pressure_ulcers_set_1_of_2_0046_20947156.jpg
2026-01-18 19:10:29 [INFO]   ✓ Baixado: pressure_ulcers_set_1_of_2_0046_20947156.jpg
2026-01-18 19:10:29 [INFO]   [47/102] pressure_ulcers_set_1_of_2_0047_dc174be9.jpg
2026-01-18 19:10:30 [INFO]   ✓ Baixado: pressure_ulcers_set_1_of_2_0047_dc174be9.jpg
2026-01-18 19:10:30 [INFO]   [48/102] pressure_ulcers_set_1_of_2_0048_2145ec16.jpg
2026-01-18 19:10:32 [INFO]   ✓ Baixado: pressure_ulcers_set_1_of_2_0048_2145ec16.jpg
2026-01-18 19:10:32 [INFO]   [49/102] pressure_ulcers_set_1_of_2_0049_0cd3c602.jpg
2026-01-18 19:10:34 [INFO]   ✓ Baixado: pressure_ulcers_set_1_of_2_0049_0cd3c602.jpg
2026-01-18 19:10:34 [INFO]   [50/102] pressure_ulcers_set_1_of_2_0050_e737855c.jpg
2026-01-18 19:10:36 [INFO]   ✓ Baixado: pressure_ulcers_set_1_of_2_0050_e737855c.jpg
2026-01-18 19:10:36 [INFO]   [51/102] pressure_ulcers_set_1_of_2_0051_6881cff4.jpg
2026-01-18 19:10:37 [INFO]   ✓ Baixado: pressure_ulcers_set_1_of_2_0051_6881cff4.jpg
2026-01-18 19:10:37 [INFO]   [52/102] pressure_ulcers_set_1_of_2_0052_4a1cab68.jpg
2026-01-18 19:10:39 [INFO]   ✓ Baixado: pressure_ulcers_set_1_of_2_0052_4a1cab68.jpg
2026-01-18 19:10:39 [INFO]   [53/102] pressure_ulcers_set_1_of_2_0053_93fec7af.jpg
2026-01-18 19:10:41 [INFO]   ✓ Baixado: pressure_ulcers_set_1_of_2_0053_93fec7af.jpg
2026-01-18 19:10:41 [INFO]   [54/102] pressure_ulcers_set_1_of_2_0054_2bd7bf0d.jpg
2026-01-18 19:10:43 [INFO]   ✓ Baixado: pressure_ulcers_set_1_of_2_0054_2bd7bf0d.jpg
2026-01-18 19:10:43 [INFO]   [55/102] pressure_ulcers_set_1_of_2_0055_35bb478d.jpg
2026-01-18 19:10:45 [INFO]   ✓ Baixado: pressure_ulcers_set_1_of_2_0055_35bb478d.jpg
2026-01-18 19:10:45 [INFO]   [56/102] pressure_ulcers_set_1_of_2_0056_db256b43.jpg
2026-01-18 19:10:46 [INFO]   ✓ Baixado: pressure_ulcers_set_1_of_2_0056_db256b43.jpg
2026-01-18 19:10:46 [INFO]   [57/102] pressure_ulcers_set_1_of_2_0057_7171dd6d.jpg
2026-01-18 19:10:48 [INFO]   ✓ Baixado: pressure_ulcers_set_1_of_2_0057_7171dd6d.jpg
2026-01-18 19:10:48 [INFO]   [58/102] pressure_ulcers_set_1_of_2_0058_94e51923.jpg
2026-01-18 19:10:50 [INFO]   ✓ Baixado: pressure_ulcers_set_1_of_2_0058_94e51923.jpg
2026-01-18 19:10:50 [INFO]   [59/102] pressure_ulcers_set_1_of_2_0059_d40fea46.jpg
2026-01-18 19:10:52 [INFO]   ✓ Baixado: pressure_ulcers_set_1_of_2_0059_d40fea46.jpg
2026-01-18 19:10:52 [INFO]   [60/102] pressure_ulcers_set_1_of_2_0060_e6a63172.jpg
2026-01-18 19:10:54 [INFO]   ✓ Baixado: pressure_ulcers_set_1_of_2_0060_e6a63172.jpg
2026-01-18 19:10:54 [INFO]   [61/102] pressure_ulcers_set_1_of_2_0061_aee50123.jpg
2026-01-18 19:10:55 [INFO]   ✓ Baixado: pressure_ulcers_set_1_of_2_0061_aee50123.jpg
2026-01-18 19:10:55 [INFO]   [62/102] pressure_ulcers_set_1_of_2_0062_13aa43f1.jpg
2026-01-18 19:10:57 [INFO]   ✓ Baixado: pressure_ulcers_set_1_of_2_0062_13aa43f1.jpg
2026-01-18 19:10:57 [INFO]   [63/102] pressure_ulcers_set_1_of_2_0063_75b2084b.jpg
2026-01-18 19:10:59 [INFO]   ✓ Baixado: pressure_ulcers_set_1_of_2_0063_75b2084b.jpg
2026-01-18 19:10:59 [INFO]   [64/102] pressure_ulcers_set_1_of_2_0064_3dda8c07.jpg
2026-01-18 19:11:01 [INFO]   ✓ Baixado: pressure_ulcers_set_1_of_2_0064_3dda8c07.jpg
2026-01-18 19:11:01 [INFO]   [65/102] pressure_ulcers_set_1_of_2_0065_cd04ee2b.jpg
2026-01-18 19:11:03 [INFO]   ✓ Baixado: pressure_ulcers_set_1_of_2_0065_cd04ee2b.jpg
2026-01-18 19:11:03 [INFO]   [66/102] pressure_ulcers_set_1_of_2_0066_1fefe3fb.jpg
2026-01-18 19:11:04 [INFO]   ✓ Baixado: pressure_ulcers_set_1_of_2_0066_1fefe3fb.jpg
2026-01-18 19:11:04 [INFO]   [67/102] pressure_ulcers_set_1_of_2_0067_0c06705d.jpg
2026-01-18 19:11:06 [INFO]   ✓ Baixado: pressure_ulcers_set_1_of_2_0067_0c06705d.jpg
2026-01-18 19:11:06 [INFO]   [68/102] pressure_ulcers_set_1_of_2_0068_27cea3b6.jpg
2026-01-18 19:11:08 [INFO]   ✓ Baixado: pressure_ulcers_set_1_of_2_0068_27cea3b6.jpg
2026-01-18 19:11:08 [INFO]   [69/102] pressure_ulcers_set_1_of_2_0069_32cd5072.jpg
2026-01-18 19:11:10 [INFO]   ✓ Baixado: pressure_ulcers_set_1_of_2_0069_32cd5072.jpg
2026-01-18 19:11:10 [INFO]   [70/102] pressure_ulcers_set_1_of_2_0070_75cfe524.jpg
2026-01-18 19:11:11 [INFO]   ✓ Baixado: pressure_ulcers_set_1_of_2_0070_75cfe524.jpg
2026-01-18 19:11:11 [INFO]   [71/102] pressure_ulcers_set_1_of_2_0071_4043cbd0.jpg
2026-01-18 19:11:13 [INFO]   ✓ Baixado: pressure_ulcers_set_1_of_2_0071_4043cbd0.jpg
2026-01-18 19:11:13 [INFO]   [72/102] pressure_ulcers_set_1_of_2_0072_8a4d03f6.jpg
2026-01-18 19:11:15 [INFO]   ✓ Baixado: pressure_ulcers_set_1_of_2_0072_8a4d03f6.jpg
2026-01-18 19:11:15 [INFO]   [73/102] pressure_ulcers_set_1_of_2_0073_06814048.jpg
2026-01-18 19:11:17 [INFO]   ✓ Baixado: pressure_ulcers_set_1_of_2_0073_06814048.jpg
2026-01-18 19:11:17 [INFO]   [74/102] pressure_ulcers_set_1_of_2_0074_1fe476e7.jpg
2026-01-18 19:11:19 [INFO]   ✓ Baixado: pressure_ulcers_set_1_of_2_0074_1fe476e7.jpg
2026-01-18 19:11:19 [INFO]   [75/102] pressure_ulcers_set_1_of_2_0075_4f79daad.jpg
2026-01-18 19:11:21 [INFO]   ✓ Baixado: pressure_ulcers_set_1_of_2_0075_4f79daad.jpg
2026-01-18 19:11:21 [INFO]   [76/102] pressure_ulcers_set_1_of_2_0076_94e38cc1.jpg
2026-01-18 19:11:23 [INFO]   ✓ Baixado: pressure_ulcers_set_1_of_2_0076_94e38cc1.jpg
2026-01-18 19:11:23 [INFO]   [77/102] pressure_ulcers_set_1_of_2_0077_27edad86.jpg
2026-01-18 19:11:24 [INFO]   ✓ Baixado: pressure_ulcers_set_1_of_2_0077_27edad86.jpg
2026-01-18 19:11:24 [INFO]   [78/102] pressure_ulcers_set_1_of_2_0078_9f7d47fb.jpg
2026-01-18 19:11:26 [INFO]   ✓ Baixado: pressure_ulcers_set_1_of_2_0078_9f7d47fb.jpg
2026-01-18 19:11:26 [INFO]   [79/102] pressure_ulcers_set_1_of_2_0079_6338280c.jpg
2026-01-18 19:11:28 [INFO]   ✓ Baixado: pressure_ulcers_set_1_of_2_0079_6338280c.jpg
2026-01-18 19:11:28 [INFO]   [80/102] pressure_ulcers_set_1_of_2_0080_efaa6e7b.jpg
2026-01-18 19:11:30 [INFO]   ✓ Baixado: pressure_ulcers_set_1_of_2_0080_efaa6e7b.jpg
2026-01-18 19:11:30 [INFO]   [81/102] pressure_ulcers_set_1_of_2_0081_3471cd76.jpg
2026-01-18 19:11:31 [INFO]   ✓ Baixado: pressure_ulcers_set_1_of_2_0081_3471cd76.jpg
2026-01-18 19:11:31 [INFO]   [82/102] pressure_ulcers_set_1_of_2_0082_94ca2601.jpg
2026-01-18 19:11:33 [INFO]   ✓ Baixado: pressure_ulcers_set_1_of_2_0082_94ca2601.jpg
2026-01-18 19:11:33 [INFO]   [83/102] pressure_ulcers_set_1_of_2_0083_05b6b369.jpg
2026-01-18 19:11:35 [INFO]   ✓ Baixado: pressure_ulcers_set_1_of_2_0083_05b6b369.jpg
2026-01-18 19:11:35 [INFO]   [84/102] pressure_ulcers_set_1_of_2_0084_451a602e.jpg
2026-01-18 19:11:37 [INFO]   ✓ Baixado: pressure_ulcers_set_1_of_2_0084_451a602e.jpg
2026-01-18 19:11:37 [INFO]   [85/102] pressure_ulcers_set_1_of_2_0085_0bcd83d8.jpg
2026-01-18 19:11:39 [INFO]   ✓ Baixado: pressure_ulcers_set_1_of_2_0085_0bcd83d8.jpg
2026-01-18 19:11:39 [INFO]   [86/102] pressure_ulcers_set_1_of_2_0086_cf9f42f2.jpg
2026-01-18 19:11:40 [INFO]   ✓ Baixado: pressure_ulcers_set_1_of_2_0086_cf9f42f2.jpg
2026-01-18 19:11:40 [INFO]   [87/102] pressure_ulcers_set_1_of_2_0087_17efc1a7.jpg
2026-01-18 19:11:42 [INFO]   ✓ Baixado: pressure_ulcers_set_1_of_2_0087_17efc1a7.jpg
2026-01-18 19:11:42 [INFO]   [88/102] pressure_ulcers_set_1_of_2_0088_8773d231.jpg
2026-01-18 19:11:44 [INFO]   ✓ Baixado: pressure_ulcers_set_1_of_2_0088_8773d231.jpg
2026-01-18 19:11:44 [INFO]   [89/102] pressure_ulcers_set_1_of_2_0089_d0bc0087.jpg
2026-01-18 19:11:46 [INFO]   ✓ Baixado: pressure_ulcers_set_1_of_2_0089_d0bc0087.jpg
2026-01-18 19:11:46 [INFO]   [90/102] pressure_ulcers_set_1_of_2_0090_1b072a4c.jpg
2026-01-18 19:11:48 [INFO]   ✓ Baixado: pressure_ulcers_set_1_of_2_0090_1b072a4c.jpg
2026-01-18 19:11:48 [INFO]   [91/102] pressure_ulcers_set_1_of_2_0091_66fe9f5d.jpg
2026-01-18 19:11:49 [INFO]   ✓ Baixado: pressure_ulcers_set_1_of_2_0091_66fe9f5d.jpg
2026-01-18 19:11:49 [INFO]   [92/102] pressure_ulcers_set_1_of_2_0092_99a5bd22.jpg
2026-01-18 19:11:51 [INFO]   ✓ Baixado: pressure_ulcers_set_1_of_2_0092_99a5bd22.jpg
2026-01-18 19:11:51 [INFO]   [93/102] pressure_ulcers_set_1_of_2_0093_1a4e20ca.jpg
2026-01-18 19:11:53 [INFO]   ✓ Baixado: pressure_ulcers_set_1_of_2_0093_1a4e20ca.jpg
2026-01-18 19:11:53 [INFO]   [94/102] pressure_ulcers_set_1_of_2_0094_43f3c703.jpg
2026-01-18 19:11:55 [INFO]   ✓ Baixado: pressure_ulcers_set_1_of_2_0094_43f3c703.jpg
2026-01-18 19:11:55 [INFO]   [95/102] pressure_ulcers_set_1_of_2_0095_9e6f2f9a.jpg
2026-01-18 19:11:57 [INFO]   ✓ Baixado: pressure_ulcers_set_1_of_2_0095_9e6f2f9a.jpg
2026-01-18 19:11:57 [INFO]   [96/102] pressure_ulcers_set_1_of_2_0096_d7d5be66.jpg
2026-01-18 19:11:58 [INFO]   ✓ Baixado: pressure_ulcers_set_1_of_2_0096_d7d5be66.jpg
2026-01-18 19:11:58 [INFO]   [97/102] pressure_ulcers_set_1_of_2_0097_96190bb5.jpg
2026-01-18 19:12:00 [INFO]   ✓ Baixado: pressure_ulcers_set_1_of_2_0097_96190bb5.jpg
2026-01-18 19:12:00 [INFO]   [98/102] pressure_ulcers_set_1_of_2_0098_a9a35c55.jpg
2026-01-18 19:12:02 [INFO]   ✓ Baixado: pressure_ulcers_set_1_of_2_0098_a9a35c55.jpg
2026-01-18 19:12:02 [INFO]   [99/102] pressure_ulcers_set_1_of_2_0099_8f388287.jpg
2026-01-18 19:12:04 [INFO]   ✓ Baixado: pressure_ulcers_set_1_of_2_0099_8f388287.jpg
2026-01-18 19:12:04 [INFO]   [100/102] pressure_ulcers_set_1_of_2_0100_8490d538.jpg
2026-01-18 19:12:05 [INFO]   ✓ Baixado: pressure_ulcers_set_1_of_2_0100_8490d538.jpg
2026-01-18 19:12:05 [INFO]   [101/102] pressure_ulcers_set_1_of_2_0101_fc7d8872.jpg
2026-01-18 19:12:07 [INFO]   ✓ Baixado: pressure_ulcers_set_1_of_2_0101_fc7d8872.jpg
2026-01-18 19:12:07 [INFO]   [102/102] pressure_ulcers_set_1_of_2_0102_371eac22.jpg
2026-01-18 19:12:09 [INFO]   ✓ Baixado: pressure_ulcers_set_1_of_2_0102_371eac22.jpg
2026-01-18 19:12:09 [INFO] Categoria Pressure
            ulcers - Set 1 of 2,: 102/102 imagens
2026-01-18 19:12:09 [INFO] 
Baixando categoria: Pressure
            ulcers - Set 2 of 2,
2026-01-18 19:12:09 [INFO] Total de imagens: 75
2026-01-18 19:12:09 [INFO]   [1/75] pressure_ulcers_set_2_of_2_0001_801a7681.jpg
2026-01-18 19:12:11 [INFO]   ✓ Baixado: pressure_ulcers_set_2_of_2_0001_801a7681.jpg
2026-01-18 19:12:11 [INFO]   [2/75] pressure_ulcers_set_2_of_2_0002_d5669b76.jpg
2026-01-18 19:12:13 [INFO]   ✓ Baixado: pressure_ulcers_set_2_of_2_0002_d5669b76.jpg
2026-01-18 19:12:13 [INFO]   [3/75] pressure_ulcers_set_2_of_2_0003_c637f6ac.jpg
2026-01-18 19:12:15 [INFO]   ✓ Baixado: pressure_ulcers_set_2_of_2_0003_c637f6ac.jpg
2026-01-18 19:12:15 [INFO]   [4/75] pressure_ulcers_set_2_of_2_0004_c9dcb354.jpg
2026-01-18 19:12:16 [INFO]   ✓ Baixado: pressure_ulcers_set_2_of_2_0004_c9dcb354.jpg
2026-01-18 19:12:16 [INFO]   [5/75] pressure_ulcers_set_2_of_2_0005_077ef74d.jpg
2026-01-18 19:12:18 [INFO]   ✓ Baixado: pressure_ulcers_set_2_of_2_0005_077ef74d.jpg
2026-01-18 19:12:18 [INFO]   [6/75] pressure_ulcers_set_2_of_2_0006_3524a559.jpg
2026-01-18 19:12:20 [INFO]   ✓ Baixado: pressure_ulcers_set_2_of_2_0006_3524a559.jpg
2026-01-18 19:12:20 [INFO]   [7/75] pressure_ulcers_set_2_of_2_0007_2ba611b5.jpg
2026-01-18 19:12:22 [INFO]   ✓ Baixado: pressure_ulcers_set_2_of_2_0007_2ba611b5.jpg
2026-01-18 19:12:22 [INFO]   [8/75] pressure_ulcers_set_2_of_2_0008_1d5bed7f.jpg
2026-01-18 19:12:23 [INFO]   ✓ Baixado: pressure_ulcers_set_2_of_2_0008_1d5bed7f.jpg
2026-01-18 19:12:23 [INFO]   [9/75] pressure_ulcers_set_2_of_2_0009_9bc235b0.jpg
2026-01-18 19:12:25 [INFO]   ✓ Baixado: pressure_ulcers_set_2_of_2_0009_9bc235b0.jpg
2026-01-18 19:12:25 [INFO]   [10/75] pressure_ulcers_set_2_of_2_0010_60b3e20a.jpg
2026-01-18 19:12:27 [INFO]   ✓ Baixado: pressure_ulcers_set_2_of_2_0010_60b3e20a.jpg
2026-01-18 19:12:27 [INFO]   [11/75] pressure_ulcers_set_2_of_2_0011_b7fd1afc.jpg
2026-01-18 19:12:29 [INFO]   ✓ Baixado: pressure_ulcers_set_2_of_2_0011_b7fd1afc.jpg
2026-01-18 19:12:29 [INFO]   [12/75] pressure_ulcers_set_2_of_2_0012_7ca65716.jpg
2026-01-18 19:12:31 [INFO]   ✓ Baixado: pressure_ulcers_set_2_of_2_0012_7ca65716.jpg
2026-01-18 19:12:31 [INFO]   [13/75] pressure_ulcers_set_2_of_2_0013_3cca010a.jpg
2026-01-18 19:12:32 [INFO]   ✓ Baixado: pressure_ulcers_set_2_of_2_0013_3cca010a.jpg
2026-01-18 19:12:32 [INFO]   [14/75] pressure_ulcers_set_2_of_2_0014_dd7602ac.jpg
2026-01-18 19:12:34 [INFO]   ✓ Baixado: pressure_ulcers_set_2_of_2_0014_dd7602ac.jpg
2026-01-18 19:12:34 [INFO]   [15/75] pressure_ulcers_set_2_of_2_0015_7d8ff1a0.jpg
2026-01-18 19:12:36 [INFO]   ✓ Baixado: pressure_ulcers_set_2_of_2_0015_7d8ff1a0.jpg
2026-01-18 19:12:36 [INFO]   [16/75] pressure_ulcers_set_2_of_2_0016_c7176404.jpg
2026-01-18 19:12:38 [INFO]   ✓ Baixado: pressure_ulcers_set_2_of_2_0016_c7176404.jpg
2026-01-18 19:12:38 [INFO]   [17/75] pressure_ulcers_set_2_of_2_0017_01ef7ed1.jpg
2026-01-18 19:12:40 [INFO]   ✓ Baixado: pressure_ulcers_set_2_of_2_0017_01ef7ed1.jpg
2026-01-18 19:12:40 [INFO]   [18/75] pressure_ulcers_set_2_of_2_0018_744e237d.jpg
2026-01-18 19:12:41 [INFO]   ✓ Baixado: pressure_ulcers_set_2_of_2_0018_744e237d.jpg
2026-01-18 19:12:41 [INFO]   [19/75] pressure_ulcers_set_2_of_2_0019_0507bae5.jpg
2026-01-18 19:12:43 [INFO]   ✓ Baixado: pressure_ulcers_set_2_of_2_0019_0507bae5.jpg
2026-01-18 19:12:43 [INFO]   [20/75] pressure_ulcers_set_2_of_2_0020_107b0eea.jpg
2026-01-18 19:12:45 [INFO]   ✓ Baixado: pressure_ulcers_set_2_of_2_0020_107b0eea.jpg
2026-01-18 19:12:45 [INFO]   [21/75] pressure_ulcers_set_2_of_2_0021_ebcc171a.jpg
2026-01-18 19:12:47 [INFO]   ✓ Baixado: pressure_ulcers_set_2_of_2_0021_ebcc171a.jpg
2026-01-18 19:12:47 [INFO]   [22/75] pressure_ulcers_set_2_of_2_0022_0de3ffef.jpg
2026-01-18 19:12:49 [INFO]   ✓ Baixado: pressure_ulcers_set_2_of_2_0022_0de3ffef.jpg
2026-01-18 19:12:49 [INFO]   [23/75] pressure_ulcers_set_2_of_2_0023_2751af03.jpg
2026-01-18 19:12:50 [INFO]   ✓ Baixado: pressure_ulcers_set_2_of_2_0023_2751af03.jpg
2026-01-18 19:12:50 [INFO]   [24/75] pressure_ulcers_set_2_of_2_0024_d7d4df9f.jpg
2026-01-18 19:12:52 [INFO]   ✓ Baixado: pressure_ulcers_set_2_of_2_0024_d7d4df9f.jpg
2026-01-18 19:12:52 [INFO]   [25/75] pressure_ulcers_set_2_of_2_0025_1125417b.jpg
2026-01-18 19:12:54 [INFO]   ✓ Baixado: pressure_ulcers_set_2_of_2_0025_1125417b.jpg
2026-01-18 19:12:54 [INFO]   [26/75] pressure_ulcers_set_2_of_2_0026_489cdb8f.jpg
2026-01-18 19:12:56 [INFO]   ✓ Baixado: pressure_ulcers_set_2_of_2_0026_489cdb8f.jpg
2026-01-18 19:12:56 [INFO]   [27/75] pressure_ulcers_set_2_of_2_0027_8dc37be4.jpg
2026-01-18 19:12:58 [INFO]   ✓ Baixado: pressure_ulcers_set_2_of_2_0027_8dc37be4.jpg
2026-01-18 19:12:58 [INFO]   [28/75] pressure_ulcers_set_2_of_2_0028_10c304d3.jpg
2026-01-18 19:13:00 [INFO]   ✓ Baixado: pressure_ulcers_set_2_of_2_0028_10c304d3.jpg
2026-01-18 19:13:00 [INFO]   [29/75] pressure_ulcers_set_2_of_2_0029_4ff8b918.jpg
2026-01-18 19:13:01 [INFO]   ✓ Baixado: pressure_ulcers_set_2_of_2_0029_4ff8b918.jpg
2026-01-18 19:13:01 [INFO]   [30/75] pressure_ulcers_set_2_of_2_0030_eeac5428.jpg
2026-01-18 19:13:03 [INFO]   ✓ Baixado: pressure_ulcers_set_2_of_2_0030_eeac5428.jpg
2026-01-18 19:13:03 [INFO]   [31/75] pressure_ulcers_set_2_of_2_0031_c1cc390a.jpg
2026-01-18 19:13:05 [INFO]   ✓ Baixado: pressure_ulcers_set_2_of_2_0031_c1cc390a.jpg
2026-01-18 19:13:05 [INFO]   [32/75] pressure_ulcers_set_2_of_2_0032_0ccd6ff4.jpg
2026-01-18 19:13:07 [INFO]   ✓ Baixado: pressure_ulcers_set_2_of_2_0032_0ccd6ff4.jpg
2026-01-18 19:13:07 [INFO]   [33/75] pressure_ulcers_set_2_of_2_0033_0e3a7b74.jpg
2026-01-18 19:13:09 [INFO]   ✓ Baixado: pressure_ulcers_set_2_of_2_0033_0e3a7b74.jpg
2026-01-18 19:13:09 [INFO]   [34/75] pressure_ulcers_set_2_of_2_0034_b8763dd8.jpg
2026-01-18 19:13:10 [INFO]   ✓ Baixado: pressure_ulcers_set_2_of_2_0034_b8763dd8.jpg
2026-01-18 19:13:10 [INFO]   [35/75] pressure_ulcers_set_2_of_2_0035_3de0aff7.jpg
2026-01-18 19:13:12 [INFO]   ✓ Baixado: pressure_ulcers_set_2_of_2_0035_3de0aff7.jpg
2026-01-18 19:13:12 [INFO]   [36/75] pressure_ulcers_set_2_of_2_0036_1707cfc0.jpg
2026-01-18 19:13:14 [INFO]   ✓ Baixado: pressure_ulcers_set_2_of_2_0036_1707cfc0.jpg
2026-01-18 19:13:14 [INFO]   [37/75] pressure_ulcers_set_2_of_2_0037_bf02d6bd.jpg
2026-01-18 19:13:16 [INFO]   ✓ Baixado: pressure_ulcers_set_2_of_2_0037_bf02d6bd.jpg
2026-01-18 19:13:16 [INFO]   [38/75] pressure_ulcers_set_2_of_2_0038_83121db1.jpg
2026-01-18 19:13:18 [INFO]   ✓ Baixado: pressure_ulcers_set_2_of_2_0038_83121db1.jpg
2026-01-18 19:13:18 [INFO]   [39/75] pressure_ulcers_set_2_of_2_0039_8de07af2.jpg
2026-01-18 19:13:19 [INFO]   ✓ Baixado: pressure_ulcers_set_2_of_2_0039_8de07af2.jpg
2026-01-18 19:13:19 [INFO]   [40/75] pressure_ulcers_set_2_of_2_0040_60ddaaee.jpg
2026-01-18 19:13:21 [INFO]   ✓ Baixado: pressure_ulcers_set_2_of_2_0040_60ddaaee.jpg
2026-01-18 19:13:21 [INFO]   [41/75] pressure_ulcers_set_2_of_2_0041_0e8b9966.jpg
2026-01-18 19:13:23 [INFO]   ✓ Baixado: pressure_ulcers_set_2_of_2_0041_0e8b9966.jpg
2026-01-18 19:13:23 [INFO]   [42/75] pressure_ulcers_set_2_of_2_0042_6ceceb95.jpg
2026-01-18 19:13:25 [INFO]   ✓ Baixado: pressure_ulcers_set_2_of_2_0042_6ceceb95.jpg
2026-01-18 19:13:25 [INFO]   [43/75] pressure_ulcers_set_2_of_2_0043_a819448d.jpg
2026-01-18 19:13:27 [INFO]   ✓ Baixado: pressure_ulcers_set_2_of_2_0043_a819448d.jpg
2026-01-18 19:13:27 [INFO]   [44/75] pressure_ulcers_set_2_of_2_0044_49b91723.jpg
2026-01-18 19:13:28 [INFO]   ✓ Baixado: pressure_ulcers_set_2_of_2_0044_49b91723.jpg
2026-01-18 19:13:28 [INFO]   [45/75] pressure_ulcers_set_2_of_2_0045_2dc2697c.jpg
2026-01-18 19:13:30 [INFO]   ✓ Baixado: pressure_ulcers_set_2_of_2_0045_2dc2697c.jpg
2026-01-18 19:13:30 [INFO]   [46/75] pressure_ulcers_set_2_of_2_0046_83f369ea.jpg
2026-01-18 19:13:32 [INFO]   ✓ Baixado: pressure_ulcers_set_2_of_2_0046_83f369ea.jpg
2026-01-18 19:13:32 [INFO]   [47/75] pressure_ulcers_set_2_of_2_0047_4683ec63.jpg
2026-01-18 19:13:34 [INFO]   ✓ Baixado: pressure_ulcers_set_2_of_2_0047_4683ec63.jpg
2026-01-18 19:13:34 [INFO]   [48/75] pressure_ulcers_set_2_of_2_0048_44dedf92.jpg
2026-01-18 19:13:36 [INFO]   ✓ Baixado: pressure_ulcers_set_2_of_2_0048_44dedf92.jpg
2026-01-18 19:13:36 [INFO]   [49/75] pressure_ulcers_set_2_of_2_0049_16873d72.jpg
2026-01-18 19:13:37 [INFO]   ✓ Baixado: pressure_ulcers_set_2_of_2_0049_16873d72.jpg
2026-01-18 19:13:37 [INFO]   [50/75] pressure_ulcers_set_2_of_2_0050_1239b8ee.jpg
2026-01-18 19:13:39 [INFO]   ✓ Baixado: pressure_ulcers_set_2_of_2_0050_1239b8ee.jpg
2026-01-18 19:13:39 [INFO]   [51/75] pressure_ulcers_set_2_of_2_0051_8f807035.jpg
2026-01-18 19:13:41 [INFO]   ✓ Baixado: pressure_ulcers_set_2_of_2_0051_8f807035.jpg
2026-01-18 19:13:41 [INFO]   [52/75] pressure_ulcers_set_2_of_2_0052_4dd1145b.jpg
2026-01-18 19:13:43 [INFO]   ✓ Baixado: pressure_ulcers_set_2_of_2_0052_4dd1145b.jpg
2026-01-18 19:13:43 [INFO]   [53/75] pressure_ulcers_set_2_of_2_0053_15bf6481.jpg
2026-01-18 19:13:45 [INFO]   ✓ Baixado: pressure_ulcers_set_2_of_2_0053_15bf6481.jpg
2026-01-18 19:13:45 [INFO]   [54/75] pressure_ulcers_set_2_of_2_0054_f918df2e.jpg
2026-01-18 19:13:46 [INFO]   ✓ Baixado: pressure_ulcers_set_2_of_2_0054_f918df2e.jpg
2026-01-18 19:13:46 [INFO]   [55/75] pressure_ulcers_set_2_of_2_0055_47a46583.jpg
2026-01-18 19:13:48 [INFO]   ✓ Baixado: pressure_ulcers_set_2_of_2_0055_47a46583.jpg
2026-01-18 19:13:48 [INFO]   [56/75] pressure_ulcers_set_2_of_2_0056_66b41c03.jpg
2026-01-18 19:13:50 [INFO]   ✓ Baixado: pressure_ulcers_set_2_of_2_0056_66b41c03.jpg
2026-01-18 19:13:50 [INFO]   [57/75] pressure_ulcers_set_2_of_2_0057_5b31d2c5.jpg
2026-01-18 19:13:52 [INFO]   ✓ Baixado: pressure_ulcers_set_2_of_2_0057_5b31d2c5.jpg
2026-01-18 19:13:52 [INFO]   [58/75] pressure_ulcers_set_2_of_2_0058_4927ce2d.jpg
2026-01-18 19:13:54 [INFO]   ✓ Baixado: pressure_ulcers_set_2_of_2_0058_4927ce2d.jpg
2026-01-18 19:13:54 [INFO]   [59/75] pressure_ulcers_set_2_of_2_0059_d78ac6e5.jpg
2026-01-18 19:13:56 [INFO]   ✓ Baixado: pressure_ulcers_set_2_of_2_0059_d78ac6e5.jpg
2026-01-18 19:13:56 [INFO]   [60/75] pressure_ulcers_set_2_of_2_0060_80dba1ed.jpg
2026-01-18 19:13:57 [INFO]   ✓ Baixado: pressure_ulcers_set_2_of_2_0060_80dba1ed.jpg
2026-01-18 19:13:57 [INFO]   [61/75] pressure_ulcers_set_2_of_2_0061_901e8fb8.jpg
2026-01-18 19:13:59 [INFO]   ✓ Baixado: pressure_ulcers_set_2_of_2_0061_901e8fb8.jpg
2026-01-18 19:13:59 [INFO]   [62/75] pressure_ulcers_set_2_of_2_0062_db2d3494.jpg
2026-01-18 19:14:01 [INFO]   ✓ Baixado: pressure_ulcers_set_2_of_2_0062_db2d3494.jpg
2026-01-18 19:14:01 [INFO]   [63/75] pressure_ulcers_set_2_of_2_0063_efca48ba.jpg
2026-01-18 19:14:03 [INFO]   ✓ Baixado: pressure_ulcers_set_2_of_2_0063_efca48ba.jpg
2026-01-18 19:14:03 [INFO]   [64/75] pressure_ulcers_set_2_of_2_0064_25bf75b7.jpg
2026-01-18 19:14:05 [INFO]   ✓ Baixado: pressure_ulcers_set_2_of_2_0064_25bf75b7.jpg
2026-01-18 19:14:05 [INFO]   [65/75] pressure_ulcers_set_2_of_2_0065_bc6a17c7.jpg
2026-01-18 19:14:07 [INFO]   ✓ Baixado: pressure_ulcers_set_2_of_2_0065_bc6a17c7.jpg
2026-01-18 19:14:07 [INFO]   [66/75] pressure_ulcers_set_2_of_2_0066_a0e27ab1.jpg
2026-01-18 19:14:09 [INFO]   ✓ Baixado: pressure_ulcers_set_2_of_2_0066_a0e27ab1.jpg
2026-01-18 19:14:09 [INFO]   [67/75] pressure_ulcers_set_2_of_2_0067_31756ae5.jpg
2026-01-18 19:14:10 [INFO]   ✓ Baixado: pressure_ulcers_set_2_of_2_0067_31756ae5.jpg
2026-01-18 19:14:10 [INFO]   [68/75] pressure_ulcers_set_2_of_2_0068_3058c8a5.jpg
2026-01-18 19:14:12 [INFO]   ✓ Baixado: pressure_ulcers_set_2_of_2_0068_3058c8a5.jpg
2026-01-18 19:14:12 [INFO]   [69/75] pressure_ulcers_set_2_of_2_0069_9558e895.jpg
2026-01-18 19:14:14 [INFO]   ✓ Baixado: pressure_ulcers_set_2_of_2_0069_9558e895.jpg
2026-01-18 19:14:14 [INFO]   [70/75] pressure_ulcers_set_2_of_2_0070_70ba1cf7.jpg
2026-01-18 19:14:16 [INFO]   ✓ Baixado: pressure_ulcers_set_2_of_2_0070_70ba1cf7.jpg
2026-01-18 19:14:16 [INFO]   [71/75] pressure_ulcers_set_2_of_2_0071_b12e9e0f.jpg
2026-01-18 19:14:17 [INFO]   ✓ Baixado: pressure_ulcers_set_2_of_2_0071_b12e9e0f.jpg
2026-01-18 19:14:17 [INFO]   [72/75] pressure_ulcers_set_2_of_2_0072_c607e03d.jpg
2026-01-18 19:14:19 [INFO]   ✓ Baixado: pressure_ulcers_set_2_of_2_0072_c607e03d.jpg
2026-01-18 19:14:19 [INFO]   [73/75] pressure_ulcers_set_2_of_2_0073_dc99d6d7.jpg
2026-01-18 19:14:21 [INFO]   ✓ Baixado: pressure_ulcers_set_2_of_2_0073_dc99d6d7.jpg
2026-01-18 19:14:21 [INFO]   [74/75] pressure_ulcers_set_2_of_2_0074_98df8b00.jpg
2026-01-18 19:14:23 [INFO]   ✓ Baixado: pressure_ulcers_set_2_of_2_0074_98df8b00.jpg
2026-01-18 19:14:23 [INFO]   [75/75] pressure_ulcers_set_2_of_2_0075_357d139e.jpg
2026-01-18 19:14:25 [INFO]   ✓ Baixado: pressure_ulcers_set_2_of_2_0075_357d139e.jpg
2026-01-18 19:14:25 [INFO] Categoria Pressure
            ulcers - Set 2 of 2,: 75/75 imagens
2026-01-18 19:14:25 [INFO] 
Baixando categoria: Pilonidal sinus wounds
2026-01-18 19:14:25 [INFO] Total de imagens: 4
2026-01-18 19:14:25 [INFO]   [1/4] pilonidal_sinus_wounds_0001_fdf8d351.jpg
2026-01-18 19:14:27 [INFO]   ✓ Baixado: pilonidal_sinus_wounds_0001_fdf8d351.jpg
2026-01-18 19:14:27 [INFO]   [2/4] pilonidal_sinus_wounds_0002_72e99ba0.jpg
2026-01-18 19:14:28 [INFO]   ✓ Baixado: pilonidal_sinus_wounds_0002_72e99ba0.jpg
2026-01-18 19:14:28 [INFO]   [3/4] pilonidal_sinus_wounds_0003_e138be32.jpg
2026-01-18 19:14:30 [INFO]   ✓ Baixado: pilonidal_sinus_wounds_0003_e138be32.jpg
2026-01-18 19:14:30 [INFO]   [4/4] pilonidal_sinus_wounds_0004_f6113e7f.jpg
2026-01-18 19:14:32 [INFO]   ✓ Baixado: pilonidal_sinus_wounds_0004_f6113e7f.jpg
2026-01-18 19:14:32 [INFO] Categoria Pilonidal sinus wounds: 4/4 imagens
2026-01-18 19:14:32 [INFO] 
Baixando categoria: Toes - infected and
            necrotic
2026-01-18 19:14:32 [INFO] Total de imagens: 35
2026-01-18 19:14:32 [INFO]   [1/35] toes_infected_and_necrotic_0001_9cbb31b9.jpg
2026-01-18 19:14:34 [INFO]   ✓ Baixado: toes_infected_and_necrotic_0001_9cbb31b9.jpg
2026-01-18 19:14:34 [INFO]   [2/35] toes_infected_and_necrotic_0002_a513fc18.jpg
2026-01-18 19:14:36 [INFO]   ✓ Baixado: toes_infected_and_necrotic_0002_a513fc18.jpg
2026-01-18 19:14:36 [INFO]   [3/35] toes_infected_and_necrotic_0003_cb220369.jpg
2026-01-18 19:14:37 [INFO]   ✓ Baixado: toes_infected_and_necrotic_0003_cb220369.jpg
2026-01-18 19:14:37 [INFO]   [4/35] toes_infected_and_necrotic_0004_25bd0a59.jpg
2026-01-18 19:14:39 [INFO]   ✓ Baixado: toes_infected_and_necrotic_0004_25bd0a59.jpg
2026-01-18 19:14:39 [INFO]   [5/35] toes_infected_and_necrotic_0005_4e45eb38.jpg
2026-01-18 19:14:41 [INFO]   ✓ Baixado: toes_infected_and_necrotic_0005_4e45eb38.jpg
2026-01-18 19:14:41 [INFO]   [6/35] toes_infected_and_necrotic_0006_44ceae09.jpg
2026-01-18 19:14:43 [INFO]   ✓ Baixado: toes_infected_and_necrotic_0006_44ceae09.jpg
2026-01-18 19:14:43 [INFO]   [7/35] toes_infected_and_necrotic_0007_71ed7ebf.jpg
2026-01-18 19:14:45 [INFO]   ✓ Baixado: toes_infected_and_necrotic_0007_71ed7ebf.jpg
2026-01-18 19:14:45 [INFO]   [8/35] toes_infected_and_necrotic_0008_af2ae36d.jpg
2026-01-18 19:14:46 [INFO]   ✓ Baixado: toes_infected_and_necrotic_0008_af2ae36d.jpg
2026-01-18 19:14:46 [INFO]   [9/35] toes_infected_and_necrotic_0009_17328207.jpg
2026-01-18 19:14:48 [INFO]   ✓ Baixado: toes_infected_and_necrotic_0009_17328207.jpg
2026-01-18 19:14:48 [INFO]   [10/35] toes_infected_and_necrotic_0010_9b63dbcf.jpg
2026-01-18 19:14:50 [INFO]   ✓ Baixado: toes_infected_and_necrotic_0010_9b63dbcf.jpg
2026-01-18 19:14:50 [INFO]   [11/35] toes_infected_and_necrotic_0011_55417e1e.jpg
2026-01-18 19:14:52 [INFO]   ✓ Baixado: toes_infected_and_necrotic_0011_55417e1e.jpg
2026-01-18 19:14:52 [INFO]   [12/35] toes_infected_and_necrotic_0012_06a25bdd.jpg
2026-01-18 19:14:54 [INFO]   ✓ Baixado: toes_infected_and_necrotic_0012_06a25bdd.jpg
2026-01-18 19:14:54 [INFO]   [13/35] toes_infected_and_necrotic_0013_f9ba67b5.jpg
2026-01-18 19:14:55 [INFO]   ✓ Baixado: toes_infected_and_necrotic_0013_f9ba67b5.jpg
2026-01-18 19:14:55 [INFO]   [14/35] toes_infected_and_necrotic_0014_f3de6c80.jpg
2026-01-18 19:14:57 [INFO]   ✓ Baixado: toes_infected_and_necrotic_0014_f3de6c80.jpg
2026-01-18 19:14:57 [INFO]   [15/35] toes_infected_and_necrotic_0015_2f38fa7d.jpg
2026-01-18 19:14:59 [INFO]   ✓ Baixado: toes_infected_and_necrotic_0015_2f38fa7d.jpg
2026-01-18 19:14:59 [INFO]   [16/35] toes_infected_and_necrotic_0016_75a9a334.jpg
2026-01-18 19:15:01 [INFO]   ✓ Baixado: toes_infected_and_necrotic_0016_75a9a334.jpg
2026-01-18 19:15:01 [INFO]   [17/35] toes_infected_and_necrotic_0017_190adfdc.jpg
2026-01-18 19:15:03 [INFO]   ✓ Baixado: toes_infected_and_necrotic_0017_190adfdc.jpg
2026-01-18 19:15:03 [INFO]   [18/35] toes_infected_and_necrotic_0018_701cd3ce.jpg
2026-01-18 19:15:04 [INFO]   ✓ Baixado: toes_infected_and_necrotic_0018_701cd3ce.jpg
2026-01-18 19:15:04 [INFO]   [19/35] toes_infected_and_necrotic_0019_47236748.jpg
2026-01-18 19:15:06 [INFO]   ✓ Baixado: toes_infected_and_necrotic_0019_47236748.jpg
2026-01-18 19:15:06 [INFO]   [20/35] toes_infected_and_necrotic_0020_f70a1199.jpg
2026-01-18 19:15:08 [INFO]   ✓ Baixado: toes_infected_and_necrotic_0020_f70a1199.jpg
2026-01-18 19:15:08 [INFO]   [21/35] toes_infected_and_necrotic_0021_7c274591.jpg
2026-01-18 19:15:10 [INFO]   ✓ Baixado: toes_infected_and_necrotic_0021_7c274591.jpg
2026-01-18 19:15:10 [INFO]   [22/35] toes_infected_and_necrotic_0022_e092c690.jpg
2026-01-18 19:15:12 [INFO]   ✓ Baixado: toes_infected_and_necrotic_0022_e092c690.jpg
2026-01-18 19:15:12 [INFO]   [23/35] toes_infected_and_necrotic_0023_158b9f2f.jpg
2026-01-18 19:15:13 [INFO]   ✓ Baixado: toes_infected_and_necrotic_0023_158b9f2f.jpg
2026-01-18 19:15:13 [INFO]   [24/35] toes_infected_and_necrotic_0024_ad472a83.jpg
2026-01-18 19:15:15 [INFO]   ✓ Baixado: toes_infected_and_necrotic_0024_ad472a83.jpg
2026-01-18 19:15:15 [INFO]   [25/35] toes_infected_and_necrotic_0025_745241ce.jpg
2026-01-18 19:15:17 [INFO]   ✓ Baixado: toes_infected_and_necrotic_0025_745241ce.jpg
2026-01-18 19:15:17 [INFO]   [26/35] toes_infected_and_necrotic_0026_8cc61f7b.jpg
2026-01-18 19:15:19 [INFO]   ✓ Baixado: toes_infected_and_necrotic_0026_8cc61f7b.jpg
2026-01-18 19:15:19 [INFO]   [27/35] toes_infected_and_necrotic_0027_f64b6eca.jpg
2026-01-18 19:15:20 [INFO]   ✓ Baixado: toes_infected_and_necrotic_0027_f64b6eca.jpg
2026-01-18 19:15:20 [INFO]   [28/35] toes_infected_and_necrotic_0028_1ba25b2e.jpg
2026-01-18 19:15:22 [INFO]   ✓ Baixado: toes_infected_and_necrotic_0028_1ba25b2e.jpg
2026-01-18 19:15:22 [INFO]   [29/35] toes_infected_and_necrotic_0029_94316986.jpg
2026-01-18 19:15:24 [INFO]   ✓ Baixado: toes_infected_and_necrotic_0029_94316986.jpg
2026-01-18 19:15:24 [INFO]   [30/35] toes_infected_and_necrotic_0030_5e13783d.jpg
2026-01-18 19:15:26 [INFO]   ✓ Baixado: toes_infected_and_necrotic_0030_5e13783d.jpg
2026-01-18 19:15:26 [INFO]   [31/35] toes_infected_and_necrotic_0031_806fecdf.jpg
2026-01-18 19:15:28 [INFO]   ✓ Baixado: toes_infected_and_necrotic_0031_806fecdf.jpg
2026-01-18 19:15:28 [INFO]   [32/35] toes_infected_and_necrotic_0032_f584a411.jpg
2026-01-18 19:15:29 [INFO]   ✓ Baixado: toes_infected_and_necrotic_0032_f584a411.jpg
2026-01-18 19:15:29 [INFO]   [33/35] toes_infected_and_necrotic_0033_bd859586.jpg
2026-01-18 19:15:31 [INFO]   ✓ Baixado: toes_infected_and_necrotic_0033_bd859586.jpg
2026-01-18 19:15:31 [INFO]   [34/35] toes_infected_and_necrotic_0034_ebfd264e.jpg
2026-01-18 19:15:33 [INFO]   ✓ Baixado: toes_infected_and_necrotic_0034_ebfd264e.jpg
2026-01-18 19:15:33 [INFO]   [35/35] toes_infected_and_necrotic_0035_636e5e5f.jpg
2026-01-18 19:15:35 [INFO]   ✓ Baixado: toes_infected_and_necrotic_0035_636e5e5f.jpg
2026-01-18 19:15:35 [INFO] Categoria Toes - infected and
            necrotic: 35/35 imagens
2026-01-18 19:15:35 [INFO] 
============================================================
RESUMO DO SCRAPING - MEDETEC DATABASE
============================================================
Tempo total: 0:38:50.059268
Categorias encontradas: 32
Total de imagens encontradas: 1220
Imagens baixadas com sucesso: 1220
Downloads com falha: 0
Imagens já existentes (puladas): 0
Taxa de sucesso: 100.0%
============================================================

2026-01-18 19:15:35 [INFO] Metadados salvos em: c:\Users\SALA\Documents\GitHub\redisus\dataset\medetec\metadata.json
